tag,x,y,direction,x_variance,y_variance,xy_covariance
blue,4.371990,5.466782,0.000000,0.010000,0.010000,0.000000
blue,10.619815,0.470162,0.000000,0.010000,0.010000,0.000000
blue,16.867640,-4.526458,0.000000,0.010000,0.010000,0.000000
blue,23.115465,-9.523078,0.000000,0.010000,0.010000,0.000000
blue,29.363290,-14.519697,0.000000,0.010000,0.010000,0.000000
blue,35.610920,-19.516560,0.000000,0.010000,0.010000,0.000000
blue,41.858450,-24.513549,0.000000,0.010000,0.010000,0.000000
blue,48.105979,-29.510538,0.000000,0.010000,0.010000,0.000000
blue,54.353508,-34.507527,0.000000,0.010000,0.010000,0.000000
blue,60.601038,-39.504516,0.000000,0.010000,0.010000,0.000000
blue,66.848339,-44.501795,0.000000,0.010000,0.010000,0.000000
blue,73.095534,-49.499210,0.000000,0.010000,0.010000,0.000000
blue,79.342729,-54.496624,0.000000,0.010000,0.010000,0.000000
blue,85.589923,-59.494039,0.000000,0.010000,0.010000,0.000000
blue,91.837118,-64.491454,0.000000,0.010000,0.010000,0.000000
blue,98.084239,-69.488963,0.000000,0.010000,0.010000,0.000000
blue,104.331050,-74.486872,0.000000,0.010000,0.010000,0.000000
blue,110.577861,-79.484780,0.000000,0.010000,0.010000,0.000000
blue,116.824673,-84.482688,0.000000,0.010000,0.010000,0.000000
blue,123.071484,-89.480597,0.000000,0.010000,0.010000,0.000000
blue,129.318295,-94.478505,0.000000,0.010000,0.010000,0.000000
blue,135.564967,-99.476594,0.000000,0.010000,0.010000,0.000000
blue,141.811333,-104.475081,0.000000,0.010000,0.010000,0.000000
blue,148.057700,-109.473569,0.000000,0.010000,0.010000,0.000000
blue,154.304066,-114.472056,0.000000,0.010000,0.010000,0.000000
blue,160.550432,-119.470543,0.000000,0.010000,0.010000,0.000000
blue,166.796799,-124.469030,0.000000,0.010000,0.010000,0.000000
blue,173.043079,-129.467629,0.000000,0.010000,0.010000,0.000000
blue,179.288923,-134.466804,0.000000,0.010000,0.010000,0.000000
blue,185.534766,-139.465978,0.000000,0.010000,0.010000,0.000000
blue,191.780610,-144.465152,0.000000,0.010000,0.010000,0.000000
blue,198.026453,-149.464327,0.000000,0.010000,0.010000,0.000000
blue,204.272297,-154.463501,0.000000,0.010000,0.010000,0.000000
blue,210.518140,-159.462675,0.000000,0.010000,0.010000,0.000000
blue,216.763444,-164.462567,0.000000,0.010000,0.010000,0.000000
blue,223.008664,-169.462570,0.000000,0.010000,0.010000,0.000000
blue,229.253884,-174.462574,0.000000,0.010000,0.010000,0.000000
blue,235.499104,-179.462577,0.000000,0.010000,0.010000,0.000000
blue,241.744324,-184.462580,0.000000,0.010000,0.010000,0.000000
blue,247.989545,-189.462584,0.000000,0.010000,0.010000,0.000000
blue,254.234357,-194.463137,0.000000,0.010000,0.010000,0.000000
blue,260.478821,-199.464160,0.000000,0.010000,0.010000,0.000000
blue,266.723285,-204.465183,0.000000,0.010000,0.010000,0.000000
blue,272.967750,-209.466207,0.000000,0.010000,0.010000,0.000000
blue,279.212214,-214.467230,0.000000,0.010000,0.010000,0.000000
blue,285.456678,-219.468253,0.000000,0.010000,0.010000,0.000000
blue,291.700855,-224.469670,0.000000,0.010000,0.010000,0.000000
blue,297.944385,-229.471979,0.000000,0.010000,0.010000,0.000000
blue,304.187915,-234.474287,0.000000,0.010000,0.010000,0.000000
blue,310.431445,-239.476596,0.000000,0.010000,0.010000,0.000000
blue,316.674975,-244.478905,0.000000,0.010000,0.010000,0.000000
blue,322.918504,-249.481213,0.000000,0.010000,0.010000,0.000000
blue,329.161693,-254.484005,0.000000,0.010000,0.010000,0.000000
blue,335.404040,-259.487985,0.000000,0.010000,0.010000,0.000000
blue,341.646388,-264.491966,0.000000,0.010000,0.010000,0.000000
blue,347.888736,-269.495947,0.000000,0.010000,0.010000,0.000000
blue,354.131083,-274.499927,0.000000,0.010000,0.010000,0.000000
blue,360.373431,-279.503908,0.000000,0.010000,0.010000,0.000000
blue,366.614848,-284.509264,0.000000,0.010000,0.010000,0.000000
blue,372.855660,-289.515513,0.000000,0.010000,0.010000,0.000000
blue,379.096472,-294.521763,0.000000,0.010000,0.010000,0.000000
blue,385.337284,-299.528012,0.000000,0.010000,0.010000,0.000000
blue,391.578096,-304.534262,0.000000,0.010000,0.010000,0.000000
blue,397.818128,-309.541753,0.000000,0.010000,0.010000,0.000000
blue,404.056887,-314.551270,0.000000,0.010000,0.010000,0.000000
blue,410.295646,-319.560788,0.000000,0.010000,0.010000,0.000000
blue,416.534406,-324.570305,0.000000,0.010000,0.010000,0.000000
blue,422.773165,-329.579823,0.000000,0.010000,0.010000,0.000000
blue,429.009882,-334.593116,0.000000,0.010000,0.010000,0.000000
blue,435.245850,-339.607796,0.000000,0.010000,0.010000,0.000000
blue,441.481817,-344.622477,0.000000,0.010000,0.010000,0.000000
blue,447.717784,-349.637158,0.000000,0.010000,0.010000,0.000000
blue,453.951032,-354.659366,0.000000,0.010000,0.010000,0.000000
blue,460.183518,-359.683680,0.000000,0.010000,0.010000,0.000000
blue,466.416002,-364.707997,0.000000,0.010000,0.010000,0.000000
blue,472.649945,-369.749950,0.000000,0.010000,0.010000,0.000000
blue,478.884625,-374.801376,0.000000,0.010000,0.010000,0.000000
blue,485.101785,-379.874818,0.000000,0.010000,0.010000,0.000000
blue,491.213293,-384.917854,0.000000,0.010000,0.010000,0.000000
blue,497.272160,-389.739044,0.000000,0.010000,0.010000,0.000000
blue,503.511357,-394.355190,0.000000,0.010000,0.010000,0.000000
blue,509.901411,-398.750595,0.000000,0.010000,0.010000,0.000000
blue,516.418246,-402.916974,0.000000,0.010000,0.010000,0.000000
blue,523.057980,-406.799383,0.000000,0.010000,0.010000,0.000000
blue,529.802483,-410.356269,0.000000,0.010000,0.010000,0.000000
blue,536.632654,-413.463324,0.000000,0.010000,0.010000,0.000000
blue,543.484261,-416.012216,0.000000,0.010000,0.010000,0.000000
blue,550.192559,-417.708531,0.000000,0.010000,0.010000,0.000000
blue,556.244669,-418.168389,0.000000,0.010000,0.010000,0.000000
blue,559.236798,-417.713849,0.000000,0.010000,0.010000,0.000000
blue,560.472235,-417.954374,0.000000,0.010000,0.010000,0.000000
blue,561.564726,-416.412569,0.000000,0.010000,0.010000,0.000000
blue,562.000746,-412.551564,0.000000,0.010000,0.010000,0.000000
blue,561.844582,-408.113488,0.000000,0.010000,0.010000,0.000000
blue,560.835177,-400.653675,0.000000,0.010000,0.010000,0.000000
blue,559.335988,-393.082793,0.000000,0.010000,0.010000,0.000000
blue,557.534759,-385.484696,0.000000,0.010000,0.010000,0.000000
blue,555.470431,-377.890053,0.000000,0.010000,0.010000,0.000000
blue,553.266459,-370.307101,0.000000,0.010000,0.010000,0.000000
blue,550.961512,-362.734789,0.000000,0.010000,0.010000,0.000000
blue,548.552332,-355.176455,0.000000,0.010000,0.010000,0.000000
blue,546.051346,-347.633433,0.000000,0.010000,0.010000,0.000000
blue,543.504291,-340.098508,0.000000,0.010000,0.010000,0.000000
blue,540.896957,-332.574660,0.000000,0.010000,0.010000,0.000000
blue,538.240108,-325.059749,0.000000,0.010000,0.010000,0.000000
blue,535.556685,-317.549182,0.000000,0.010000,0.010000,0.000000
blue,532.837556,-310.043651,0.000000,0.010000,0.010000,0.000000
blue,530.095162,-302.538213,0.000000,0.010000,0.010000,0.000000
blue,527.340295,-295.029868,0.000000,0.010000,0.010000,0.000000
blue,524.575436,-287.515469,0.000000,0.010000,0.010000,0.000000
blue,521.813261,-279.977864,0.000000,0.010000,0.010000,0.000000
blue,519.069272,-272.401446,0.000000,0.010000,0.010000,0.000000
blue,516.365331,-264.736580,0.000000,0.010000,0.010000,0.000000
blue,513.742612,-256.798557,0.000000,0.010000,0.010000,0.000000
blue,511.700634,-248.371627,0.000000,0.010000,0.010000,0.000000
blue,510.388311,-239.998955,0.000000,0.010000,0.010000,0.000000
blue,509.641252,-231.571031,0.000000,0.010000,0.010000,0.000000
blue,509.386372,-223.107865,0.000000,0.010000,0.010000,0.000000
blue,509.751787,-214.631605,0.000000,0.010000,0.010000,0.000000
blue,510.666434,-206.179214,0.000000,0.010000,0.010000,0.000000
blue,512.162322,-197.790074,0.000000,0.010000,0.010000,0.000000
blue,514.278798,-189.515640,0.000000,0.010000,0.010000,0.000000
blue,517.073303,-181.428804,0.000000,0.010000,0.010000,0.000000
blue,520.488057,-173.577244,0.000000,0.010000,0.010000,0.000000
blue,524.509976,-166.019941,0.000000,0.010000,0.010000,0.000000
blue,529.110039,-158.810383,0.000000,0.010000,0.010000,0.000000
blue,534.244707,-151.991338,0.000000,0.010000,0.010000,0.000000
blue,539.859460,-145.590702,0.000000,0.010000,0.010000,0.000000
blue,545.893741,-139.619349,0.000000,0.010000,0.010000,0.000000
blue,552.310801,-134.106622,0.000000,0.010000,0.010000,0.000000
blue,558.931230,-129.183356,0.000000,0.010000,0.010000,0.000000
blue,565.594947,-124.569134,0.000000,0.010000,0.010000,0.000000
blue,572.285891,-120.098701,0.000000,0.010000,0.010000,0.000000
blue,579.003925,-115.671902,0.000000,0.010000,0.010000,0.000000
blue,585.751255,-111.292921,0.000000,0.010000,0.010000,0.000000
blue,592.527944,-106.962619,0.000000,0.010000,0.010000,0.000000
blue,599.328195,-102.671901,0.000000,0.010000,0.010000,0.000000
blue,606.151479,-98.420292,0.000000,0.010000,0.010000,0.000000
blue,612.997258,-94.207300,0.000000,0.010000,0.010000,0.000000
blue,619.864971,-90.032407,0.000000,0.010000,0.010000,0.000000
blue,626.754030,-85.895048,0.000000,0.010000,0.010000,0.000000
blue,633.665463,-81.797600,0.000000,0.010000,0.010000,0.000000
blue,640.596352,-77.735393,0.000000,0.010000,0.010000,0.000000
blue,647.545649,-73.707049,0.000000,0.010000,0.010000,0.000000
blue,654.512575,-69.711732,0.000000,0.010000,0.010000,0.000000
blue,661.496182,-65.748418,0.000000,0.010000,0.010000,0.000000
blue,668.495278,-61.815833,0.000000,0.010000,0.010000,0.000000
blue,675.509662,-57.915490,0.000000,0.010000,0.010000,0.000000
blue,682.535592,-54.042701,0.000000,0.010000,0.010000,0.000000
blue,689.569100,-50.194112,0.000000,0.010000,0.010000,0.000000
blue,696.558532,-46.392074,0.000000,0.010000,0.010000,0.000000
blue,703.156539,-42.688572,0.000000,0.010000,0.010000,0.000000
blue,709.345856,-38.608393,0.000000,0.010000,0.010000,0.000000
blue,715.134777,-34.022687,0.000000,0.010000,0.010000,0.000000
blue,720.500896,-28.945661,0.000000,0.010000,0.010000,0.000000
blue,725.430542,-23.398682,0.000000,0.010000,0.010000,0.000000
blue,729.932393,-17.424536,0.000000,0.010000,0.010000,0.000000
blue,734.035934,-11.081176,0.000000,0.010000,0.010000,0.000000
blue,737.786658,-4.432863,0.000000,0.010000,0.010000,0.000000
blue,741.239136,2.458221,0.000000,0.010000,0.010000,0.000000
blue,744.449838,9.537479,0.000000,0.010000,0.010000,0.000000
blue,747.475462,16.794670,0.000000,0.010000,0.010000,0.000000
blue,750.457560,24.248761,0.000000,0.010000,0.010000,0.000000
blue,753.557620,31.811576,0.000000,0.010000,0.010000,0.000000
blue,756.989391,39.462079,0.000000,0.010000,0.010000,0.000000
blue,761.054482,47.105053,0.000000,0.010000,0.010000,0.000000
blue,766.054711,54.485846,0.000000,0.010000,0.010000,0.000000
blue,772.108170,61.190434,0.000000,0.010000,0.010000,0.000000
blue,779.010194,66.878460,0.000000,0.010000,0.010000,0.000000
blue,786.395152,71.571082,0.000000,0.010000,0.010000,0.000000
blue,794.030517,75.414138,0.000000,0.010000,0.010000,0.000000
blue,801.746007,78.645492,0.000000,0.010000,0.010000,0.000000
blue,809.249034,81.411399,0.000000,0.010000,0.010000,0.000000
blue,816.531084,84.146987,0.000000,0.010000,0.010000,0.000000
blue,823.571942,87.096359,0.000000,0.010000,0.010000,0.000000
blue,830.283251,90.349659,0.000000,0.010000,0.010000,0.000000
blue,836.535471,94.020931,0.000000,0.010000,0.010000,0.000000
blue,842.128605,98.284947,0.000000,0.010000,0.010000,0.000000
blue,846.990415,103.209484,0.000000,0.010000,0.010000,0.000000
blue,851.075293,108.837750,0.000000,0.010000,0.010000,0.000000
blue,854.413322,115.105774,0.000000,0.010000,0.010000,0.000000
blue,856.991369,121.935663,0.000000,0.010000,0.010000,0.000000
blue,859.020113,129.105853,0.000000,0.010000,0.010000,0.000000
blue,860.485530,136.559457,0.000000,0.010000,0.010000,0.000000
blue,861.582632,144.268364,0.000000,0.010000,0.010000,0.000000
blue,862.522306,152.354357,0.000000,0.010000,0.010000,0.000000
blue,863.667663,160.601562,0.000000,0.010000,0.010000,0.000000
blue,865.215378,168.838641,0.000000,0.010000,0.010000,0.000000
blue,867.259321,177.034437,0.000000,0.010000,0.010000,0.000000
blue,869.901373,185.134563,0.000000,0.010000,0.010000,0.000000
blue,873.136800,193.083486,0.000000,0.010000,0.010000,0.000000
blue,877.144459,200.738278,0.000000,0.010000,0.010000,0.000000
blue,881.825514,208.020633,0.000000,0.010000,0.010000,0.000000
blue,887.161308,214.813049,0.000000,0.010000,0.010000,0.000000
blue,893.057551,221.022197,0.000000,0.010000,0.010000,0.000000
blue,899.327847,226.696292,0.000000,0.010000,0.010000,0.000000
blue,905.835078,231.906479,0.000000,0.010000,0.010000,0.000000
blue,912.465862,236.753052,0.000000,0.010000,0.010000,0.000000
blue,919.261669,241.407215,0.000000,0.010000,0.010000,0.000000
blue,926.276511,245.855094,0.000000,0.010000,0.010000,0.000000
blue,933.512234,250.008783,0.000000,0.010000,0.010000,0.000000
blue,941.006132,253.790891,0.000000,0.010000,0.010000,0.000000
blue,948.755185,257.167602,0.000000,0.010000,0.010000,0.000000
blue,956.779527,260.053812,0.000000,0.010000,0.010000,0.000000
blue,965.116352,262.278037,0.000000,0.010000,0.010000,0.000000
blue,973.731158,263.735752,0.000000,0.010000,0.010000,0.000000
blue,982.576000,264.242989,0.000000,0.010000,0.010000,0.000000
blue,991.532989,263.602201,0.000000,0.010000,0.010000,0.000000
blue,1000.393837,261.655371,0.000000,0.010000,0.010000,0.000000
blue,1008.616679,258.445660,0.000000,0.010000,0.010000,0.000000
blue,1015.825407,254.927564,0.000000,0.010000,0.010000,0.000000
blue,1023.002283,251.414787,0.000000,0.010000,0.010000,0.000000
blue,1030.186312,247.910732,0.000000,0.010000,0.010000,0.000000
blue,1037.374449,244.412591,0.000000,0.010000,0.010000,0.000000
blue,1044.565903,240.919862,0.000000,0.010000,0.010000,0.000000
blue,1051.760420,237.432891,0.000000,0.010000,0.010000,0.000000
blue,1058.957184,233.950880,0.000000,0.010000,0.010000,0.000000
blue,1066.155945,230.474126,0.000000,0.010000,0.010000,0.000000
blue,1073.356729,227.004644,0.000000,0.010000,0.010000,0.000000
blue,1080.558739,223.543226,0.000000,0.010000,0.010000,0.000000
blue,1087.759954,220.096639,0.000000,0.010000,0.010000,0.000000
blue,1094.944688,216.684459,0.000000,0.010000,0.010000,0.000000
blue,1101.410255,213.782130,0.000000,0.010000,0.010000,0.000000
blue,1107.785475,212.000192,0.000000,0.010000,0.010000,0.000000
blue,1114.366685,211.502321,0.000000,0.010000,0.010000,0.000000
blue,1121.061872,212.307315,0.000000,0.010000,0.010000,0.000000
blue,1127.743520,214.291722,0.000000,0.010000,0.010000,0.000000
blue,1134.288744,217.295495,0.000000,0.010000,0.010000,0.000000
blue,1140.626412,221.086268,0.000000,0.010000,0.010000,0.000000
blue,1146.752362,225.445874,0.000000,0.010000,0.010000,0.000000
blue,1152.653832,230.273943,0.000000,0.010000,0.010000,0.000000
blue,1158.355209,235.452368,0.000000,0.010000,0.010000,0.000000
blue,1163.889235,240.888063,0.000000,0.010000,0.010000,0.000000
blue,1169.272677,246.533904,0.000000,0.010000,0.010000,0.000000
blue,1174.510498,252.360397,0.000000,0.010000,0.010000,0.000000
blue,1179.606857,258.305637,0.000000,0.010000,0.010000,0.000000
blue,1184.587797,264.409813,0.000000,0.010000,0.010000,0.000000
blue,1189.481981,270.618317,0.000000,0.010000,0.010000,0.000000
blue,1194.334356,276.944148,0.000000,0.010000,0.010000,0.000000
blue,1199.250782,283.374170,0.000000,0.010000,0.010000,0.000000
blue,1204.462279,289.890700,0.000000,0.010000,0.010000,0.000000
blue,1210.413337,296.349975,0.000000,0.010000,0.010000,0.000000
blue,1217.595477,302.247903,0.000000,0.010000,0.010000,0.000000
blue,1225.963838,306.671988,0.000000,0.010000,0.010000,0.000000
blue,1231.436557,308.479859,0.000000,0.010000,0.010000,0.000000
blue,1240.122753,310.202418,0.000000,0.010000,0.010000,0.000000
blue,1248.777467,310.959200,0.000000,0.010000,0.010000,0.000000
blue,1257.627579,310.823957,0.000000,0.010000,0.010000,0.000000
blue,1266.553533,309.471198,0.000000,0.010000,0.010000,0.000000
blue,1275.290183,306.668589,0.000000,0.010000,0.010000,0.000000
blue,1283.462588,302.371198,0.000000,0.010000,0.010000,0.000000
blue,1290.664139,296.715035,0.000000,0.010000,0.010000,0.000000
blue,1296.762446,290.136185,0.000000,0.010000,0.010000,0.000000
blue,1301.817319,283.036972,0.000000,0.010000,0.010000,0.000000
blue,1305.953654,276.022510,0.000000,0.010000,0.010000,0.000000
blue,1309.881157,269.630752,0.000000,0.010000,0.010000,0.000000
blue,1314.009936,264.193630,0.000000,0.010000,0.010000,0.000000
blue,1316.739904,261.561876,0.000000,0.010000,0.010000,0.000000
blue,1319.627546,259.659663,0.000000,0.010000,0.010000,0.000000
blue,1322.804393,258.452993,0.000000,0.010000,0.010000,0.000000
blue,1326.410065,257.948269,0.000000,0.010000,0.010000,0.000000
blue,1330.408443,258.126455,0.000000,0.010000,0.010000,0.000000
blue,1335.083703,258.923585,0.000000,0.010000,0.010000,0.000000
blue,1342.905249,260.444554,0.000000,0.010000,0.010000,0.000000
blue,1350.742133,261.995959,0.000000,0.010000,0.010000,0.000000
blue,1358.581478,263.559169,0.000000,0.010000,0.010000,0.000000
blue,1366.421564,265.129371,0.000000,0.010000,0.010000,0.000000
blue,1374.261868,266.704228,0.000000,0.010000,0.010000,0.000000
blue,1382.102179,268.283153,0.000000,0.010000,0.010000,0.000000
blue,1389.942402,269.864810,0.000000,0.010000,0.010000,0.000000
blue,1397.782536,271.448346,0.000000,0.010000,0.010000,0.000000
blue,1405.622578,273.033483,0.000000,0.010000,0.010000,0.000000
blue,1413.462475,274.620633,0.000000,0.010000,0.010000,0.000000
blue,1421.302284,276.208894,0.000000,0.010000,0.010000,0.000000
blue,1429.142018,277.798100,0.000000,0.010000,0.010000,0.000000
blue,1436.981673,279.388328,0.000000,0.010000,0.010000,0.000000
blue,1444.821270,280.979517,0.000000,0.010000,0.010000,0.000000
blue,1452.660861,282.571300,0.000000,0.010000,0.010000,0.000000
blue,1460.500490,284.163618,0.000000,0.010000,0.010000,0.000000
blue,1468.340257,285.756358,0.000000,0.010000,0.010000,0.000000
blue,1476.180442,287.349293,0.000000,0.010000,0.010000,0.000000
blue,1484.022094,288.941987,0.000000,0.010000,0.010000,0.000000
blue,1491.840769,290.526572,0.000000,0.010000,0.010000,0.000000
blue,1498.843417,292.188265,0.000000,0.010000,0.010000,0.000000
blue,1505.215763,294.682834,0.000000,0.010000,0.010000,0.000000
blue,1511.023936,298.214212,0.000000,0.010000,0.010000,0.000000
blue,1516.412817,302.805215,0.000000,0.010000,0.010000,0.000000
blue,1521.523498,308.223350,0.000000,0.010000,0.010000,0.000000
blue,1526.557284,314.239399,0.000000,0.010000,0.010000,0.000000
blue,1531.623200,320.413673,0.000000,0.010000,0.010000,0.000000
blue,1536.682745,326.603769,0.000000,0.010000,0.010000,0.000000
blue,1541.738656,332.799457,0.000000,0.010000,0.010000,0.000000
blue,1546.792972,338.997599,0.000000,0.010000,0.010000,0.000000
blue,1551.844825,345.198876,0.000000,0.010000,0.010000,0.000000
blue,1556.895916,351.401124,0.000000,0.010000,0.010000,0.000000
blue,1561.946035,357.604509,0.000000,0.010000,0.010000,0.000000
blue,1566.995127,363.809098,0.000000,0.010000,0.010000,0.000000
blue,1572.044220,370.013686,0.000000,0.010000,0.010000,0.000000
blue,1577.092220,376.219537,0.000000,0.010000,0.010000,0.000000
blue,1582.140126,382.425498,0.000000,0.010000,0.010000,0.000000
blue,1587.187958,388.631552,0.000000,0.010000,0.010000,0.000000
blue,1592.235268,394.838267,0.000000,0.010000,0.010000,0.000000
blue,1597.282577,401.044983,0.000000,0.010000,0.010000,0.000000
blue,1602.329868,407.251745,0.000000,0.010000,0.010000,0.000000
blue,1607.377058,413.458768,0.000000,0.010000,0.010000,0.000000
blue,1612.424248,419.665791,0.000000,0.010000,0.010000,0.000000
blue,1617.471459,425.872810,0.000000,0.010000,0.010000,0.000000
blue,1622.518960,432.079775,0.000000,0.010000,0.010000,0.000000
blue,1627.566462,438.286740,0.000000,0.010000,0.010000,0.000000
blue,1632.613963,444.493705,0.000000,0.010000,0.010000,0.000000
blue,1637.662152,450.700306,0.000000,0.010000,0.010000,0.000000
blue,1642.710399,456.906878,0.000000,0.010000,0.010000,0.000000
blue,1647.758646,463.113449,0.000000,0.010000,0.010000,0.000000
blue,1652.807853,469.319449,0.000000,0.010000,0.010000,0.000000
blue,1657.857333,475.525286,0.000000,0.010000,0.010000,0.000000
blue,1662.906814,481.731122,0.000000,0.010000,0.010000,0.000000
blue,1667.957565,487.936189,0.000000,0.010000,0.010000,0.000000
blue,1673.008886,494.140910,0.000000,0.010000,0.010000,0.000000
blue,1678.060207,500.345631,0.000000,0.010000,0.010000,0.000000
blue,1683.113441,506.549227,0.000000,0.010000,0.010000,0.000000
blue,1688.167431,512.752378,0.000000,0.010000,0.010000,0.000000
blue,1693.221421,518.955528,0.000000,0.010000,0.010000,0.000000
blue,1698.278992,525.156727,0.000000,0.010000,0.010000,0.000000
blue,1703.336897,531.357743,0.000000,0.010000,0.010000,0.000000
blue,1708.396860,537.557798,0.000000,0.010000,0.010000,0.000000
blue,1713.460777,543.756005,0.000000,0.010000,0.010000,0.000000
blue,1718.525273,549.954021,0.000000,0.010000,0.010000,0.000000
blue,1723.599341,556.148888,0.000000,0.010000,0.010000,0.000000
blue,1728.675819,562.343574,0.000000,0.010000,0.010000,0.000000
blue,1733.770664,568.536900,0.000000,0.010000,0.010000,0.000000
blue,1738.905419,574.746750,0.000000,0.010000,0.010000,0.000000
blue,1744.018715,580.825937,0.000000,0.010000,0.010000,0.000000
blue,1747.549119,585.709905,0.000000,0.010000,0.010000,0.000000
blue,1748.965163,589.128590,0.000000,0.010000,0.010000,0.000000
blue,1749.725523,592.739257,0.000000,0.010000,0.010000,0.000000
blue,1749.791082,596.351327,0.000000,0.010000,0.010000,0.000000
blue,1749.166953,599.698686,0.000000,0.010000,0.010000,0.000000
blue,1747.964856,602.440090,0.000000,0.010000,0.010000,0.000000
blue,1746.447150,604.315459,0.000000,0.010000,0.010000,0.000000
blue,1744.658842,605.402852,0.000000,0.010000,0.010000,0.000000
blue,1742.144215,605.638910,0.000000,0.010000,0.010000,0.000000
blue,1737.761596,604.436683,0.000000,0.010000,0.010000,0.000000
blue,1730.102282,602.048215,0.000000,0.010000,0.010000,0.000000
blue,1722.453049,599.682712,0.000000,0.010000,0.010000,0.000000
blue,1714.803815,597.324288,0.000000,0.010000,0.010000,0.000000
blue,1707.154372,594.969327,0.000000,0.010000,0.010000,0.000000
blue,1699.503755,592.621005,0.000000,0.010000,0.010000,0.000000
blue,1691.852934,590.273515,0.000000,0.010000,0.010000,0.000000
blue,1684.200820,587.931319,0.000000,0.010000,0.010000,0.000000
blue,1676.548707,585.589125,0.000000,0.010000,0.010000,0.000000
blue,1668.894902,583.252888,0.000000,0.010000,0.010000,0.000000
blue,1661.241087,580.916688,0.000000,0.010000,0.010000,0.000000
blue,1653.586034,578.584494,0.000000,0.010000,0.010000,0.000000
blue,1645.930302,576.254500,0.000000,0.010000,0.010000,0.000000
blue,1638.274281,573.925389,0.000000,0.010000,0.010000,0.000000
blue,1630.616367,571.602071,0.000000,0.010000,0.010000,0.000000
blue,1622.958453,569.278755,0.000000,0.010000,0.010000,0.000000
blue,1615.299287,566.959108,0.000000,0.010000,0.010000,0.000000
blue,1607.638853,564.643183,0.000000,0.010000,0.010000,0.000000
blue,1599.978419,562.327259,0.000000,0.010000,0.010000,0.000000
blue,1592.315673,560.017874,0.000000,0.010000,0.010000,0.000000
blue,1584.652275,557.710329,0.000000,0.010000,0.010000,0.000000
blue,1576.988784,555.403041,0.000000,0.010000,0.010000,0.000000
blue,1569.321828,553.105198,0.000000,0.010000,0.010000,0.000000
blue,1561.654871,550.807356,0.000000,0.010000,0.010000,0.000000
blue,1553.986704,548.512682,0.000000,0.010000,0.010000,0.000000
blue,1546.315366,546.226307,0.000000,0.010000,0.010000,0.000000
blue,1538.644028,543.939936,0.000000,0.010000,0.010000,0.000000
blue,1530.969508,541.661491,0.000000,0.010000,0.010000,0.000000
blue,1523.292610,539.388974,0.000000,0.010000,0.010000,0.000000
blue,1515.615710,537.116463,0.000000,0.010000,0.010000,0.000000
blue,1507.931797,534.860351,0.000000,0.010000,0.010000,0.000000
blue,1500.247563,532.604993,0.000000,0.010000,0.010000,0.000000
blue,1492.558526,530.359930,0.000000,0.010000,0.010000,0.000000
blue,1484.864100,528.126420,0.000000,0.010000,0.010000,0.000000
blue,1477.167253,525.897494,0.000000,0.010000,0.010000,0.000000
blue,1469.457598,523.692782,0.000000,0.010000,0.010000,0.000000
blue,1461.746383,521.490526,0.000000,0.010000,0.010000,0.000000
blue,1454.011352,519.325426,0.000000,0.010000,0.010000,0.000000
blue,1446.265223,517.173002,0.000000,0.010000,0.010000,0.000000
blue,1438.479815,515.065390,0.000000,0.010000,0.010000,0.000000
blue,1430.682581,513.036318,0.000000,0.010000,0.010000,0.000000
blue,1422.886481,511.082052,0.000000,0.010000,0.010000,0.000000
blue,1415.097450,509.184555,0.000000,0.010000,0.010000,0.000000
blue,1407.306804,507.304395,0.000000,0.010000,0.010000,0.000000
blue,1399.513939,505.439086,0.000000,0.010000,0.010000,0.000000
blue,1391.718475,503.588151,0.000000,0.010000,0.010000,0.000000
blue,1383.920255,501.750924,0.000000,0.010000,0.010000,0.000000
blue,1376.119367,499.926174,0.000000,0.010000,0.010000,0.000000
blue,1368.315757,498.113673,0.000000,0.010000,0.010000,0.000000
blue,1360.509093,496.314515,0.000000,0.010000,0.010000,0.000000
blue,1352.699519,494.527808,0.000000,0.010000,0.010000,0.000000
blue,1344.887027,492.753409,0.000000,0.010000,0.010000,0.000000
blue,1337.071615,490.991194,0.000000,0.010000,0.010000,0.000000
blue,1329.253287,489.241055,0.000000,0.010000,0.010000,0.000000
blue,1321.432051,487.502889,0.000000,0.010000,0.010000,0.000000
blue,1313.607053,485.780117,0.000000,0.010000,0.010000,0.000000
blue,1305.778583,484.071472,0.000000,0.010000,0.010000,0.000000
blue,1297.946964,482.375608,0.000000,0.010000,0.010000,0.000000
blue,1290.112190,480.692530,0.000000,0.010000,0.010000,0.000000
blue,1282.273368,479.025811,0.000000,0.010000,0.010000,0.000000
blue,1274.430232,477.376494,0.000000,0.010000,0.010000,0.000000
blue,1266.579612,475.740528,0.000000,0.010000,0.010000,0.000000
blue,1258.721724,474.119667,0.000000,0.010000,0.010000,0.000000
blue,1250.864145,472.533227,0.000000,0.010000,0.010000,0.000000
blue,1243.003952,470.966570,0.000000,0.010000,0.010000,0.000000
blue,1235.141704,469.415828,0.000000,0.010000,0.010000,0.000000
blue,1227.277579,467.879970,0.000000,0.010000,0.010000,0.000000
blue,1219.411743,466.358039,0.000000,0.010000,0.010000,0.000000
blue,1211.544206,464.850532,0.000000,0.010000,0.010000,0.000000
blue,1203.675163,463.356648,0.000000,0.010000,0.010000,0.000000
blue,1195.805055,461.873196,0.000000,0.010000,0.010000,0.000000
blue,1187.934051,460.399370,0.000000,0.010000,0.010000,0.000000
blue,1180.062328,458.934352,0.000000,0.010000,0.010000,0.000000
blue,1172.190082,457.477284,0.000000,0.010000,0.010000,0.000000
blue,1164.317540,456.027954,0.000000,0.010000,0.010000,0.000000
blue,1156.445056,454.584532,0.000000,0.010000,0.010000,0.000000
blue,1148.572940,453.145437,0.000000,0.010000,0.010000,0.000000
blue,1140.701538,451.709498,0.000000,0.010000,0.010000,0.000000
blue,1132.831272,450.275369,0.000000,0.010000,0.010000,0.000000
blue,1124.962670,448.841475,0.000000,0.010000,0.010000,0.000000
blue,1117.096403,447.405946,0.000000,0.010000,0.010000,0.000000
blue,1109.233350,445.966525,0.000000,0.010000,0.010000,0.000000
blue,1101.374685,444.520445,0.000000,0.010000,0.010000,0.000000
blue,1093.522022,443.064268,0.000000,0.010000,0.010000,0.000000
blue,1085.661722,441.590644,0.000000,0.010000,0.010000,0.000000
blue,1077.770148,440.109195,0.000000,0.010000,0.010000,0.000000
blue,1069.869134,438.628367,0.000000,0.010000,0.010000,0.000000
blue,1061.962477,437.220746,0.000000,0.010000,0.010000,0.000000
blue,1054.055153,435.821314,0.000000,0.010000,0.010000,0.000000
blue,1046.142356,434.485034,0.000000,0.010000,0.010000,0.000000
blue,1038.229287,433.151578,0.000000,0.010000,0.010000,0.000000
blue,1030.311157,431.871896,0.000000,0.010000,0.010000,0.000000
blue,1022.393017,430.592276,0.000000,0.010000,0.010000,0.000000
blue,1014.470077,429.360584,0.000000,0.010000,0.010000,0.000000
blue,1006.546972,428.130508,0.000000,0.010000,0.010000,0.000000
blue,998.620071,426.936455,0.000000,0.010000,0.010000,0.000000
blue,990.692305,425.750606,0.000000,0.010000,0.010000,0.000000
blue,982.761869,424.589012,0.000000,0.010000,0.010000,0.000000
blue,974.829677,423.443362,0.000000,0.010000,0.010000,0.000000
blue,966.895999,422.310678,0.000000,0.010000,0.010000,0.000000
blue,958.959545,421.202219,0.000000,0.010000,0.010000,0.000000
blue,951.022820,420.096031,0.000000,0.010000,0.010000,0.000000
blue,943.082193,419.022587,0.000000,0.010000,0.010000,0.000000
blue,935.141563,417.949167,0.000000,0.010000,0.010000,0.000000
blue,927.197747,416.901432,0.000000,0.010000,0.010000,0.000000
blue,919.252955,415.861566,0.000000,0.010000,0.010000,0.000000
blue,911.306179,414.837021,0.000000,0.010000,0.010000,0.000000
blue,903.357148,413.829902,0.000000,0.010000,0.010000,0.000000
blue,895.407298,412.828818,0.000000,0.010000,0.010000,0.000000
blue,887.453850,411.854264,0.000000,0.010000,0.010000,0.000000
blue,879.500400,410.879733,0.000000,0.010000,0.010000,0.000000
blue,871.542555,409.935953,0.000000,0.010000,0.010000,0.000000
blue,863.584385,408.994449,0.000000,0.010000,0.010000,0.000000
blue,855.622469,408.077658,0.000000,0.010000,0.010000,0.000000
blue,847.659114,407.170349,0.000000,0.010000,0.010000,0.000000
blue,839.692390,406.283791,0.000000,0.010000,0.010000,0.000000
blue,831.723159,405.412671,0.000000,0.010000,0.010000,0.000000
blue,823.750492,404.561070,0.000000,0.010000,0.010000,0.000000
blue,815.774360,403.729156,0.000000,0.010000,0.010000,0.000000
blue,807.793918,402.919491,0.000000,0.010000,0.010000,0.000000
blue,799.809346,402.131145,0.000000,0.010000,0.010000,0.000000
blue,791.817990,401.373978,0.000000,0.010000,0.010000,0.000000
blue,783.822593,400.635424,0.000000,0.010000,0.010000,0.000000
blue,775.814540,399.947295,0.000000,0.010000,0.010000,0.000000
blue,767.817560,399.285064,0.000000,0.010000,0.010000,0.000000
blue,759.865102,398.682584,0.000000,0.010000,0.010000,0.000000
blue,752.030276,398.013726,0.000000,0.010000,0.010000,0.000000
blue,744.106601,397.214364,0.000000,0.010000,0.010000,0.000000
blue,736.165419,396.379163,0.000000,0.010000,0.010000,0.000000
blue,728.220304,395.528153,0.000000,0.010000,0.010000,0.000000
blue,720.273590,394.666939,0.000000,0.010000,0.010000,0.000000
blue,712.326100,393.796839,0.000000,0.010000,0.010000,0.000000
blue,704.378415,392.921125,0.000000,0.010000,0.010000,0.000000
blue,696.430698,392.041015,0.000000,0.010000,0.010000,0.000000
blue,688.483037,391.157123,0.000000,0.010000,0.010000,0.000000
blue,680.535600,390.268572,0.000000,0.010000,0.010000,0.000000
blue,672.588474,389.376519,0.000000,0.010000,0.010000,0.000000
blue,664.641680,388.481545,0.000000,0.010000,0.010000,0.000000
blue,656.695292,387.583579,0.000000,0.010000,0.010000,0.000000
blue,648.749755,386.681118,0.000000,0.010000,0.010000,0.000000
blue,640.805156,385.775117,0.000000,0.010000,0.010000,0.000000
blue,632.861963,384.864975,0.000000,0.010000,0.010000,0.000000
blue,624.921246,383.949512,0.000000,0.010000,0.010000,0.000000
blue,616.985969,383.026512,0.000000,0.010000,0.010000,0.000000
blue,609.067908,382.091523,0.000000,0.010000,0.010000,0.000000
blue,601.718005,381.146532,0.000000,0.010000,0.010000,0.000000
blue,598.374938,380.236062,0.000000,0.010000,0.010000,0.000000
blue,596.491185,379.286399,0.000000,0.010000,0.010000,0.000000
blue,596.008623,379.141457,0.000000,0.010000,0.010000,0.000000
blue,596.125784,377.350122,0.000000,0.010000,0.010000,0.000000
blue,597.765158,374.046070,0.000000,0.010000,0.010000,0.000000
blue,600.361720,370.124376,0.000000,0.010000,0.010000,0.000000
blue,604.933261,363.745168,0.000000,0.010000,0.010000,0.000000
blue,609.662943,357.374768,0.000000,0.010000,0.010000,0.000000
blue,614.464231,351.018245,0.000000,0.010000,0.010000,0.000000
blue,619.302040,344.669521,0.000000,0.010000,0.010000,0.000000
blue,624.160695,338.323400,0.000000,0.010000,0.010000,0.000000
blue,629.031136,331.974149,0.000000,0.010000,0.010000,0.000000
blue,633.903919,325.616478,0.000000,0.010000,0.010000,0.000000
blue,638.772928,319.244292,0.000000,0.010000,0.010000,0.000000
blue,643.628756,312.843000,0.000000,0.010000,0.010000,0.000000
blue,648.464951,306.401083,0.000000,0.010000,0.010000,0.000000
blue,653.267044,299.875986,0.000000,0.010000,0.010000,0.000000
blue,657.934276,293.339640,0.000000,0.010000,0.010000,0.000000
blue,662.580595,286.784435,0.000000,0.010000,0.010000,0.000000
blue,667.193635,280.212378,0.000000,0.010000,0.010000,0.000000
blue,671.777809,273.622506,0.000000,0.010000,0.010000,0.000000
blue,676.336466,267.014334,0.000000,0.010000,0.010000,0.000000
blue,680.870460,260.386238,0.000000,0.010000,0.010000,0.000000
blue,685.377669,253.733852,0.000000,0.010000,0.010000,0.000000
blue,689.852831,247.047945,0.000000,0.010000,0.010000,0.000000
blue,694.291034,240.315517,0.000000,0.010000,0.010000,0.000000
blue,698.681212,233.502970,0.000000,0.010000,0.010000,0.000000
blue,703.078208,226.347822,0.000000,0.010000,0.010000,0.000000
blue,706.982810,217.501503,0.000000,0.010000,0.010000,0.000000
blue,708.289156,211.629465,0.000000,0.010000,0.010000,0.000000
blue,708.722881,205.583597,0.000000,0.010000,0.010000,0.000000
blue,708.183744,199.403203,0.000000,0.010000,0.010000,0.000000
blue,706.432431,193.193845,0.000000,0.010000,0.010000,0.000000
blue,703.178862,187.267786,0.000000,0.010000,0.010000,0.000000
blue,698.319724,182.257059,0.000000,0.010000,0.010000,0.000000
blue,692.309810,178.837933,0.000000,0.010000,0.010000,0.000000
blue,686.021526,177.146216,0.000000,0.010000,0.010000,0.000000
blue,680.539724,176.654462,0.000000,0.010000,0.010000,0.000000
blue,672.263922,176.429310,0.000000,0.010000,0.010000,0.000000
blue,664.068098,176.495448,0.000000,0.010000,0.010000,0.000000
blue,655.910910,176.774126,0.000000,0.010000,0.010000,0.000000
blue,647.771319,177.236499,0.000000,0.010000,0.010000,0.000000
blue,639.630415,177.881340,0.000000,0.010000,0.010000,0.000000
blue,631.456412,178.739310,0.000000,0.010000,0.010000,0.000000
blue,623.126283,179.948581,0.000000,0.010000,0.010000,0.000000
blue,614.089481,182.322407,0.000000,0.010000,0.010000,0.000000
blue,605.491041,186.761065,0.000000,0.010000,0.010000,0.000000
blue,600.587901,190.909868,0.000000,0.010000,0.010000,0.000000
blue,596.647301,195.936483,0.000000,0.010000,0.010000,0.000000
blue,593.806596,201.400795,0.000000,0.010000,0.010000,0.000000
blue,591.887099,206.980813,0.000000,0.010000,0.010000,0.000000
blue,590.176574,215.059135,0.000000,0.010000,0.010000,0.000000
blue,588.468273,222.366214,0.000000,0.010000,0.010000,0.000000
blue,586.230248,229.326554,0.000000,0.010000,0.010000,0.000000
blue,583.319340,235.830291,0.000000,0.010000,0.010000,0.000000
blue,579.611238,241.871397,0.000000,0.010000,0.010000,0.000000
blue,574.896451,247.826206,0.000000,0.010000,0.010000,0.000000
blue,569.832050,253.983928,0.000000,0.010000,0.010000,0.000000
blue,564.750410,260.103096,0.000000,0.010000,0.010000,0.000000
blue,559.637181,266.173198,0.000000,0.010000,0.010000,0.000000
blue,554.482044,272.172651,0.000000,0.010000,0.010000,0.000000
blue,549.274581,278.059522,0.000000,0.010000,0.010000,0.000000
blue,544.013110,283.734698,0.000000,0.010000,0.010000,0.000000
blue,538.876981,288.711168,0.000000,0.010000,0.010000,0.000000
blue,535.723654,290.994975,0.000000,0.010000,0.010000,0.000000
blue,532.025058,292.907528,0.000000,0.010000,0.010000,0.000000
blue,525.435358,295.226457,0.000000,0.010000,0.010000,0.000000
blue,518.427693,296.693280,0.000000,0.010000,0.010000,0.000000
blue,511.389096,297.258923,0.000000,0.010000,0.010000,0.000000
blue,503.476475,297.227183,0.000000,0.010000,0.010000,0.000000
blue,495.696609,297.046821,0.000000,0.010000,0.010000,0.000000
blue,488.443647,296.525366,0.000000,0.010000,0.010000,0.000000
blue,486.094498,295.760642,0.000000,0.010000,0.010000,0.000000
blue,485.037117,293.860333,0.000000,0.010000,0.010000,0.000000
blue,484.612383,290.886801,0.000000,0.010000,0.010000,0.000000
blue,485.003410,287.302229,0.000000,0.010000,0.010000,0.000000
blue,486.085228,283.994412,0.000000,0.010000,0.010000,0.000000
blue,489.595324,277.089311,0.000000,0.010000,0.010000,0.000000
blue,493.362636,270.135011,0.000000,0.010000,0.010000,0.000000
blue,497.231419,263.186699,0.000000,0.010000,0.010000,0.000000
blue,501.152392,256.247688,0.000000,0.010000,0.010000,0.000000
blue,505.105118,249.316286,0.000000,0.010000,0.010000,0.000000
blue,509.084739,242.392512,0.000000,0.010000,0.010000,0.000000
blue,513.081205,235.473892,0.000000,0.010000,0.010000,0.000000
blue,517.087051,228.558090,0.000000,0.010000,0.010000,0.000000
blue,521.103378,221.645369,0.000000,0.010000,0.010000,0.000000
blue,525.126823,214.734200,0.000000,0.010000,0.010000,0.000000
blue,529.153499,207.823455,0.000000,0.010000,0.010000,0.000000
blue,533.184060,200.912452,0.000000,0.010000,0.010000,0.000000
blue,537.215125,193.999529,0.000000,0.010000,0.010000,0.000000
blue,541.246093,187.084838,0.000000,0.010000,0.010000,0.000000
blue,545.274133,180.164598,0.000000,0.010000,0.010000,0.000000
blue,549.297236,173.237493,0.000000,0.010000,0.010000,0.000000
blue,553.314404,166.302191,0.000000,0.010000,0.010000,0.000000
blue,557.321666,159.353293,0.000000,0.010000,0.010000,0.000000
blue,561.310581,152.375462,0.000000,0.010000,0.010000,0.000000
blue,565.277672,145.350341,0.000000,0.010000,0.010000,0.000000
blue,569.217836,138.205947,0.000000,0.010000,0.010000,0.000000
blue,573.205822,129.887010,0.000000,0.010000,0.010000,0.000000
blue,574.702065,124.291959,0.000000,0.010000,0.010000,0.000000
blue,576.046515,115.822896,0.000000,0.010000,0.010000,0.000000
blue,576.812299,107.553007,0.000000,0.010000,0.010000,0.000000
blue,577.259982,99.363980,0.000000,0.010000,0.010000,0.000000
blue,577.492584,91.218237,0.000000,0.010000,0.010000,0.000000
blue,577.557935,82.915222,0.000000,0.010000,0.010000,0.000000
blue,575.580652,73.103921,0.000000,0.010000,0.010000,0.000000
blue,572.825551,65.271327,0.000000,0.010000,0.010000,0.000000
blue,569.866403,57.682223,0.000000,0.010000,0.010000,0.000000
blue,566.785532,50.193734,0.000000,0.010000,0.010000,0.000000
blue,563.613967,42.762348,0.000000,0.010000,0.010000,0.000000
blue,560.359225,35.367829,0.000000,0.010000,0.010000,0.000000
blue,557.005694,27.990306,0.000000,0.010000,0.010000,0.000000
blue,553.401794,20.491093,0.000000,0.010000,0.010000,0.000000
blue,547.379534,12.111163,0.000000,0.010000,0.010000,0.000000
blue,542.323148,8.200143,0.000000,0.010000,0.010000,0.000000
blue,537.422873,5.503622,0.000000,0.010000,0.010000,0.000000
blue,530.330817,1.871864,0.000000,0.010000,0.010000,0.000000
blue,523.088660,-1.725141,0.000000,0.010000,0.010000,0.000000
blue,515.870015,-5.239143,0.000000,0.010000,0.010000,0.000000
blue,508.651382,-8.722746,0.000000,0.010000,0.010000,0.000000
blue,501.430813,-12.189991,0.000000,0.010000,0.010000,0.000000
blue,494.208445,-15.646627,0.000000,0.010000,0.010000,0.000000
blue,486.984908,-19.095679,0.000000,0.010000,0.010000,0.000000
blue,479.762101,-22.539122,0.000000,0.010000,0.010000,0.000000
blue,472.067797,-26.146913,0.000000,0.010000,0.010000,0.000000
blue,463.460960,-28.877989,0.000000,0.010000,0.010000,0.000000
blue,454.982519,-30.509462,0.000000,0.010000,0.010000,0.000000
blue,446.517055,-31.438690,0.000000,0.010000,0.010000,0.000000
blue,438.059513,-31.759954,0.000000,0.010000,0.010000,0.000000
blue,429.622657,-31.552579,0.000000,0.010000,0.010000,0.000000
blue,421.227346,-30.823299,0.000000,0.010000,0.010000,0.000000
blue,413.022071,-29.617412,0.000000,0.010000,0.010000,0.000000
blue,405.036723,-28.206321,0.000000,0.010000,0.010000,0.000000
blue,396.967825,-26.607598,0.000000,0.010000,0.010000,0.000000
blue,388.887115,-24.725472,0.000000,0.010000,0.010000,0.000000
blue,380.837205,-22.483961,0.000000,0.010000,0.010000,0.000000
blue,372.867501,-19.801383,0.000000,0.010000,0.010000,0.000000
blue,365.026491,-16.633726,0.000000,0.010000,0.010000,0.000000
blue,357.358775,-12.972929,0.000000,0.010000,0.010000,0.000000
blue,349.972734,-8.692032,0.000000,0.010000,0.010000,0.000000
blue,342.898924,-3.869710,0.000000,0.010000,0.010000,0.000000
blue,336.204724,1.492965,0.000000,0.010000,0.010000,0.000000
blue,329.976748,7.397941,0.000000,0.010000,0.010000,0.000000
blue,324.293309,13.816075,0.000000,0.010000,0.010000,0.000000
blue,319.148104,20.646399,0.000000,0.010000,0.010000,0.000000
blue,314.642220,27.676224,0.000000,0.010000,0.010000,0.000000
blue,310.717011,34.476528,0.000000,0.010000,0.010000,0.000000
blue,306.667948,41.089212,0.000000,0.010000,0.010000,0.000000
blue,302.338422,47.687176,0.000000,0.010000,0.010000,0.000000
blue,297.893447,54.255442,0.000000,0.010000,0.010000,0.000000
blue,293.367950,60.794665,0.000000,0.010000,0.010000,0.000000
blue,288.793816,67.312869,0.000000,0.010000,0.010000,0.000000
blue,284.184140,73.814314,0.000000,0.010000,0.010000,0.000000
blue,279.546563,80.301786,0.000000,0.010000,0.010000,0.000000
blue,274.877860,86.772472,0.000000,0.010000,0.010000,0.000000
blue,270.188049,93.230957,0.000000,0.010000,0.010000,0.000000
blue,265.483132,99.680458,0.000000,0.010000,0.010000,0.000000
blue,260.760969,106.119379,0.000000,0.010000,0.010000,0.000000
blue,256.021028,112.546765,0.000000,0.010000,0.010000,0.000000
blue,251.270177,118.966767,0.000000,0.010000,0.010000,0.000000
blue,246.508199,125.379079,0.000000,0.010000,0.010000,0.000000
blue,241.730520,131.779812,0.000000,0.010000,0.010000,0.000000
blue,236.942070,138.171834,0.000000,0.010000,0.010000,0.000000
blue,232.142708,144.554242,0.000000,0.010000,0.010000,0.000000
blue,227.331459,150.924613,0.000000,0.010000,0.010000,0.000000
blue,222.507348,157.277795,0.000000,0.010000,0.010000,0.000000
blue,217.671598,163.598891,0.000000,0.010000,0.010000,0.000000
blue,212.883507,169.752914,0.000000,0.010000,0.010000,0.000000
blue,208.261277,174.939385,0.000000,0.010000,0.010000,0.000000
blue,203.480489,178.504126,0.000000,0.010000,0.010000,0.000000
blue,200.226677,179.858020,0.000000,0.010000,0.010000,0.000000
blue,196.628993,180.548595,0.000000,0.010000,0.010000,0.000000
blue,192.702107,180.596852,0.000000,0.010000,0.010000,0.000000
blue,188.549326,180.039609,0.000000,0.010000,0.010000,0.000000
blue,181.658688,178.145215,0.000000,0.010000,0.010000,0.000000
blue,174.352138,175.457806,0.000000,0.010000,0.010000,0.000000
blue,166.966686,172.552144,0.000000,0.010000,0.010000,0.000000
blue,159.578231,169.577840,0.000000,0.010000,0.010000,0.000000
blue,152.192256,166.565855,0.000000,0.010000,0.010000,0.000000
blue,144.812812,163.516332,0.000000,0.010000,0.010000,0.000000
blue,137.435001,160.458951,0.000000,0.010000,0.010000,0.000000
blue,130.063176,157.376889,0.000000,0.010000,0.010000,0.000000
blue,122.692433,154.291096,0.000000,0.010000,0.010000,0.000000
blue,115.326784,151.187762,0.000000,0.010000,0.010000,0.000000
blue,107.961464,148.083417,0.000000,0.010000,0.010000,0.000000
blue,100.601303,144.963292,0.000000,0.010000,0.010000,0.000000
blue,93.241139,141.843172,0.000000,0.010000,0.010000,0.000000
blue,85.885121,138.711452,0.000000,0.010000,0.010000,0.000000
blue,78.529939,135.577394,0.000000,0.010000,0.010000,0.000000
blue,71.177238,132.436904,0.000000,0.010000,0.010000,0.000000
blue,63.826731,129.290728,0.000000,0.010000,0.010000,0.000000
blue,56.477125,126.142379,0.000000,0.010000,0.010000,0.000000
blue,49.131192,122.985178,0.000000,0.010000,0.010000,0.000000
blue,41.785257,119.827980,0.000000,0.010000,0.010000,0.000000
blue,34.443427,116.661616,0.000000,0.010000,0.010000,0.000000
blue,27.102200,113.493906,0.000000,0.010000,0.010000,0.000000
blue,19.764035,110.319933,0.000000,0.010000,0.010000,0.000000
blue,12.427955,107.141695,0.000000,0.010000,0.010000,0.000000
blue,5.094339,103.958933,0.000000,0.010000,0.010000,0.000000
blue,-2.235686,100.769576,0.000000,0.010000,0.010000,0.000000
blue,-9.562989,97.575892,0.000000,0.010000,0.010000,0.000000
blue,-16.885203,94.374114,0.000000,0.010000,0.010000,0.000000
blue,-24.202191,91.165576,0.000000,0.010000,0.010000,0.000000
blue,-31.513041,87.949105,0.000000,0.010000,0.010000,0.000000
blue,-38.808514,84.718391,0.000000,0.010000,0.010000,0.000000
blue,-46.083720,81.476085,0.000000,0.010000,0.010000,0.000000
blue,-53.290137,78.221140,0.000000,0.010000,0.010000,0.000000
blue,-59.903117,75.126926,0.000000,0.010000,0.010000,0.000000
blue,-64.201197,71.842605,0.000000,0.010000,0.010000,0.000000
blue,-65.951170,69.310222,0.000000,0.010000,0.010000,0.000000
blue,-66.842855,66.645567,0.000000,0.010000,0.010000,0.000000
blue,-66.867479,64.143730,0.000000,0.010000,0.010000,0.000000
blue,-66.075262,62.017942,0.000000,0.010000,0.010000,0.000000
blue,-63.616416,59.762329,0.000000,0.010000,0.010000,0.000000
blue,-57.368637,54.786217,0.000000,0.010000,0.010000,0.000000
blue,-51.110492,49.818030,0.000000,0.010000,0.010000,0.000000
blue,-44.833143,44.811088,0.000000,0.010000,0.010000,0.000000
blue,-38.584568,39.815292,0.000000,0.010000,0.010000,0.000000
blue,-32.336096,34.819400,0.000000,0.010000,0.010000,0.000000
blue,-26.087762,29.823379,0.000000,0.010000,0.010000,0.000000
blue,-19.839428,24.827358,0.000000,0.010000,0.010000,0.000000
blue,-13.591268,19.831139,0.000000,0.010000,0.010000,0.000000
blue,-7.343178,14.834841,0.000000,0.010000,0.010000,0.000000
blue,-1.095089,9.838543,0.000000,0.010000,0.010000,0.000000
yellow,-4.371990,-5.466782,0.000000,0.010000,0.010000,0.000000
yellow,1.875686,-10.463282,0.000000,0.010000,0.010000,0.000000
yellow,8.123362,-15.459783,0.000000,0.010000,0.010000,0.000000
yellow,14.371038,-20.456284,0.000000,0.010000,0.010000,0.000000
yellow,20.618714,-25.452785,0.000000,0.010000,0.010000,0.000000
yellow,26.866196,-30.449528,0.000000,0.010000,0.010000,0.000000
yellow,33.113576,-35.446398,0.000000,0.010000,0.010000,0.000000
yellow,39.360957,-40.443269,0.000000,0.010000,0.010000,0.000000
yellow,45.608338,-45.440139,0.000000,0.010000,0.010000,0.000000
yellow,51.855718,-50.437009,0.000000,0.010000,0.010000,0.000000
yellow,58.102867,-55.434165,0.000000,0.010000,0.010000,0.000000
yellow,64.349906,-60.431455,0.000000,0.010000,0.010000,0.000000
yellow,70.596945,-65.428745,0.000000,0.010000,0.010000,0.000000
yellow,76.843984,-70.426035,0.000000,0.010000,0.010000,0.000000
yellow,83.091023,-75.423325,0.000000,0.010000,0.010000,0.000000
yellow,89.337985,-80.420708,0.000000,0.010000,0.010000,0.000000
yellow,95.584627,-85.418481,0.000000,0.010000,0.010000,0.000000
yellow,101.831269,-90.416254,0.000000,0.010000,0.010000,0.000000
yellow,108.077910,-95.414026,0.000000,0.010000,0.010000,0.000000
yellow,114.324552,-100.411799,0.000000,0.010000,0.010000,0.000000
yellow,120.571193,-105.409571,0.000000,0.010000,0.010000,0.000000
yellow,126.817689,-110.407520,0.000000,0.010000,0.010000,0.000000
yellow,133.063863,-115.405853,0.000000,0.010000,0.010000,0.000000
yellow,139.310038,-120.404187,0.000000,0.010000,0.010000,0.000000
yellow,145.556212,-125.402520,0.000000,0.010000,0.010000,0.000000
yellow,151.802387,-130.400854,0.000000,0.010000,0.010000,0.000000
yellow,158.048561,-135.399187,0.000000,0.010000,0.010000,0.000000
yellow,164.294645,-140.397629,0.000000,0.010000,0.010000,0.000000
yellow,170.540264,-145.396623,0.000000,0.010000,0.010000,0.000000
yellow,176.785882,-150.395618,0.000000,0.010000,0.010000,0.000000
yellow,183.031501,-155.394612,0.000000,0.010000,0.010000,0.000000
yellow,189.277119,-160.393606,0.000000,0.010000,0.010000,0.000000
yellow,195.522738,-165.392601,0.000000,0.010000,0.010000,0.000000
yellow,201.768357,-170.391595,0.000000,0.010000,0.010000,0.000000
yellow,208.013393,-175.391273,0.000000,0.010000,0.010000,0.000000
yellow,214.258339,-180.391057,0.000000,0.010000,0.010000,0.000000
yellow,220.503285,-185.390841,0.000000,0.010000,0.010000,0.000000
yellow,226.748232,-190.390625,0.000000,0.010000,0.010000,0.000000
yellow,232.993178,-195.390409,0.000000,0.010000,0.010000,0.000000
yellow,239.238124,-200.390193,0.000000,0.010000,0.010000,0.000000
yellow,245.482622,-205.390495,0.000000,0.010000,0.010000,0.000000
yellow,251.726739,-210.391239,0.000000,0.010000,0.010000,0.000000
yellow,257.970855,-215.391984,0.000000,0.010000,0.010000,0.000000
yellow,264.214972,-220.392728,0.000000,0.010000,0.010000,0.000000
yellow,270.459088,-225.393473,0.000000,0.010000,0.010000,0.000000
yellow,276.703204,-230.394217,0.000000,0.010000,0.010000,0.000000
yellow,282.946998,-235.395328,0.000000,0.010000,0.010000,0.000000
yellow,289.190064,-240.397265,0.000000,0.010000,0.010000,0.000000
yellow,295.433130,-245.399201,0.000000,0.010000,0.010000,0.000000
yellow,301.676196,-250.401138,0.000000,0.010000,0.010000,0.000000
yellow,307.919262,-255.403075,0.000000,0.010000,0.010000,0.000000
yellow,314.162328,-260.405012,0.000000,0.010000,0.010000,0.000000
yellow,320.404997,-265.407387,0.000000,0.010000,0.010000,0.000000
yellow,326.646689,-270.410842,0.000000,0.010000,0.010000,0.000000
yellow,332.888381,-275.414296,0.000000,0.010000,0.010000,0.000000
yellow,339.130072,-280.417751,0.000000,0.010000,0.010000,0.000000
yellow,345.371764,-285.421206,0.000000,0.010000,0.010000,0.000000
yellow,351.613456,-290.424660,0.000000,0.010000,0.010000,0.000000
yellow,357.854008,-295.429322,0.000000,0.010000,0.010000,0.000000
yellow,364.093818,-300.434768,0.000000,0.010000,0.010000,0.000000
yellow,370.333629,-305.440215,0.000000,0.010000,0.010000,0.000000
yellow,376.573440,-310.445661,0.000000,0.010000,0.010000,0.000000
yellow,382.813251,-315.451107,0.000000,0.010000,0.010000,0.000000
yellow,389.052019,-320.457583,0.000000,0.010000,0.010000,0.000000
yellow,395.289085,-325.465740,0.000000,0.010000,0.010000,0.000000
yellow,401.526150,-330.473896,0.000000,0.010000,0.010000,0.000000
yellow,407.763216,-335.482053,0.000000,0.010000,0.010000,0.000000
yellow,414.000282,-340.490209,0.000000,0.010000,0.010000,0.000000
yellow,420.234101,-345.501171,0.000000,0.010000,0.010000,0.000000
yellow,426.466728,-350.513163,0.000000,0.010000,0.010000,0.000000
yellow,432.699355,-355.525154,0.000000,0.010000,0.010000,0.000000
yellow,438.931983,-360.537144,0.000000,0.010000,0.010000,0.000000
yellow,445.157842,-365.553392,0.000000,0.010000,0.010000,0.000000
yellow,451.381812,-370.570827,0.000000,0.010000,0.010000,0.000000
yellow,457.605784,-375.588258,0.000000,0.010000,0.010000,0.000000
yellow,463.812252,-380.607905,0.000000,0.010000,0.010000,0.000000
yellow,470.009414,-385.628685,0.000000,0.010000,0.010000,0.000000
yellow,476.188616,-390.670901,0.000000,0.010000,0.010000,0.000000
yellow,482.418532,-395.810613,0.000000,0.010000,0.010000,0.000000
yellow,488.881996,-400.946414,0.000000,0.010000,0.010000,0.000000
yellow,495.507596,-405.841696,0.000000,0.010000,0.010000,0.000000
yellow,502.302092,-410.508586,0.000000,0.010000,0.010000,0.000000
yellow,509.268715,-414.953759,0.000000,0.010000,0.010000,0.000000
yellow,516.444021,-419.138570,0.000000,0.010000,0.010000,0.000000
yellow,523.857116,-423.031151,0.000000,0.010000,0.010000,0.000000
yellow,531.596251,-426.526044,0.000000,0.010000,0.010000,0.000000
yellow,539.751467,-429.505408,0.000000,0.010000,0.010000,0.000000
yellow,548.572830,-431.614518,0.000000,0.010000,0.010000,0.000000
yellow,558.458382,-431.992262,0.000000,0.010000,0.010000,0.000000
yellow,565.212631,-430.374395,0.000000,0.010000,0.010000,0.000000
yellow,572.462939,-425.180923,0.000000,0.010000,0.010000,0.000000
yellow,575.490597,-417.851360,0.000000,0.010000,0.010000,0.000000
yellow,575.981082,-411.809794,0.000000,0.010000,0.010000,0.000000
yellow,575.722961,-406.272128,0.000000,0.010000,0.010000,0.000000
yellow,574.559484,-397.889006,0.000000,0.010000,0.010000,0.000000
yellow,572.938500,-389.770442,0.000000,0.010000,0.010000,0.000000
yellow,571.041724,-381.802049,0.000000,0.010000,0.010000,0.000000
yellow,568.906787,-373.957581,0.000000,0.010000,0.010000,0.000000
yellow,566.643642,-366.177817,0.000000,0.010000,0.010000,0.000000
yellow,564.287952,-358.444568,0.000000,0.010000,0.010000,0.000000
yellow,561.837100,-350.758884,0.000000,0.010000,0.010000,0.000000
yellow,559.302254,-343.115308,0.000000,0.010000,0.010000,0.000000
yellow,556.725140,-335.493169,0.000000,0.010000,0.010000,0.000000
yellow,554.093158,-327.899161,0.000000,0.010000,0.010000,0.000000
yellow,551.416683,-320.329225,0.000000,0.010000,0.010000,0.000000
yellow,548.716673,-312.772707,0.000000,0.010000,0.010000,0.000000
yellow,545.985835,-305.235038,0.000000,0.010000,0.010000,0.000000
yellow,543.237092,-297.712277,0.000000,0.010000,0.010000,0.000000
yellow,540.480698,-290.199773,0.000000,0.010000,0.010000,0.000000
yellow,537.720601,-282.698351,0.000000,0.010000,0.010000,0.000000
yellow,534.977434,-275.212934,0.000000,0.010000,0.010000,0.000000
yellow,532.272495,-267.745814,0.000000,0.010000,0.010000,0.000000
yellow,529.651427,-260.323002,0.000000,0.010000,0.010000,0.000000
yellow,527.238336,-253.074925,0.000000,0.010000,0.010000,0.000000
yellow,525.492290,-245.965341,0.000000,0.010000,0.010000,0.000000
yellow,524.311654,-238.535900,0.000000,0.010000,0.010000,0.000000
yellow,523.630846,-231.031336,0.000000,0.010000,0.010000,0.000000
yellow,523.380717,-223.505715,0.000000,0.010000,0.010000,0.000000
yellow,523.684750,-216.000008,0.000000,0.010000,0.010000,0.000000
yellow,524.464525,-208.548328,0.000000,0.010000,0.010000,0.000000
yellow,525.744252,-201.185830,0.000000,0.010000,0.010000,0.000000
yellow,527.556446,-193.954567,0.000000,0.010000,0.010000,0.000000
yellow,529.954642,-186.912517,0.000000,0.010000,0.010000,0.000000
yellow,532.884130,-180.083960,0.000000,0.010000,0.010000,0.000000
yellow,536.339834,-173.506892,0.000000,0.010000,0.010000,0.000000
yellow,540.306309,-167.215353,0.000000,0.010000,0.010000,0.000000
yellow,544.757590,-161.236840,0.000000,0.010000,0.010000,0.000000
yellow,549.658247,-155.589891,0.000000,0.010000,0.010000,0.000000
yellow,554.965708,-150.282341,0.000000,0.010000,0.010000,0.000000
yellow,560.662557,-145.342643,0.000000,0.010000,0.010000,0.000000
yellow,566.873211,-140.712664,0.000000,0.010000,0.010000,0.000000
yellow,573.360043,-136.218309,0.000000,0.010000,0.010000,0.000000
yellow,579.972545,-131.799784,0.000000,0.010000,0.010000,0.000000
yellow,586.614461,-127.422635,0.000000,0.010000,0.010000,0.000000
yellow,593.288197,-123.090993,0.000000,0.010000,0.010000,0.000000
yellow,599.993795,-118.805805,0.000000,0.010000,0.010000,0.000000
yellow,606.724895,-114.558398,0.000000,0.010000,0.010000,0.000000
yellow,613.480924,-110.348378,0.000000,0.010000,0.010000,0.000000
yellow,620.261298,-106.175329,0.000000,0.010000,0.010000,0.000000
yellow,627.065421,-102.038802,0.000000,0.010000,0.010000,0.000000
yellow,633.892679,-97.938290,0.000000,0.010000,0.010000,0.000000
yellow,640.744261,-93.876119,0.000000,0.010000,0.010000,0.000000
yellow,647.617075,-89.847761,0.000000,0.010000,0.010000,0.000000
yellow,654.510121,-85.851847,0.000000,0.010000,0.010000,0.000000
yellow,661.422777,-81.887490,0.000000,0.010000,0.010000,0.000000
yellow,668.354369,-77.953551,0.000000,0.010000,0.010000,0.000000
yellow,675.304167,-74.048536,0.000000,0.010000,0.010000,0.000000
yellow,682.273322,-70.173258,0.000000,0.010000,0.010000,0.000000
yellow,689.259623,-66.322253,0.000000,0.010000,0.010000,0.000000
yellow,696.262231,-62.490534,0.000000,0.010000,0.010000,0.000000
yellow,703.327750,-58.646775,0.000000,0.010000,0.010000,0.000000
yellow,710.670112,-54.501541,0.000000,0.010000,0.010000,0.000000
yellow,717.819567,-49.752728,0.000000,0.010000,0.010000,0.000000
yellow,724.550610,-44.383289,0.000000,0.010000,0.010000,0.000000
yellow,730.783239,-38.446894,0.000000,0.010000,0.010000,0.000000
yellow,736.459914,-32.021498,0.000000,0.010000,0.010000,0.000000
yellow,741.568504,-25.209195,0.000000,0.010000,0.010000,0.000000
yellow,746.141381,-18.113824,0.000000,0.010000,0.010000,0.000000
yellow,750.242410,-10.824596,0.000000,0.010000,0.010000,0.000000
yellow,753.950106,-3.409593,0.000000,0.010000,0.010000,0.000000
yellow,757.343691,4.083256,0.000000,0.010000,0.010000,0.000000
yellow,760.473674,11.594045,0.000000,0.010000,0.010000,0.000000
yellow,763.434496,18.995272,0.000000,0.010000,0.010000,0.000000
yellow,766.400188,26.237667,0.000000,0.010000,0.010000,0.000000
yellow,769.505076,33.188512,0.000000,0.010000,0.010000,0.000000
yellow,772.923249,39.679936,0.000000,0.010000,0.010000,0.000000
yellow,776.844731,45.565338,0.000000,0.010000,0.010000,0.000000
yellow,781.455367,50.767866,0.000000,0.010000,0.010000,0.000000
yellow,786.858736,55.285342,0.000000,0.010000,0.010000,0.000000
yellow,792.950859,59.200847,0.000000,0.010000,0.010000,0.000000
yellow,799.593976,62.567040,0.000000,0.010000,0.010000,0.000000
yellow,806.628308,65.524396,0.000000,0.010000,0.010000,0.000000
yellow,814.137322,68.292533,0.000000,0.010000,0.010000,0.000000
yellow,821.830543,71.188757,0.000000,0.010000,0.010000,0.000000
yellow,829.540575,74.432418,0.000000,0.010000,0.010000,0.000000
yellow,837.208768,78.182604,0.000000,0.010000,0.010000,0.000000
yellow,844.717882,82.660995,0.000000,0.010000,0.010000,0.000000
yellow,851.791693,88.154560,0.000000,0.010000,0.010000,0.000000
yellow,858.085019,94.670762,0.000000,0.010000,0.010000,0.000000
yellow,863.306797,102.026708,0.000000,0.010000,0.010000,0.000000
yellow,867.411286,109.904530,0.000000,0.010000,0.010000,0.000000
yellow,870.441324,118.049956,0.000000,0.010000,0.010000,0.000000
yellow,872.731857,126.279533,0.000000,0.010000,0.010000,0.000000
yellow,874.336983,134.525434,0.000000,0.010000,0.010000,0.000000
yellow,875.489296,142.654461,0.000000,0.010000,0.010000,0.000000
yellow,876.393800,150.461832,0.000000,0.010000,0.010000,0.000000
yellow,877.435272,158.061298,0.000000,0.010000,0.010000,0.000000
yellow,878.823457,165.549235,0.000000,0.010000,0.010000,0.000000
yellow,880.628503,172.879320,0.000000,0.010000,0.010000,0.000000
yellow,882.923132,179.993184,0.000000,0.010000,0.010000,0.000000
yellow,885.683600,186.872381,0.000000,0.010000,0.010000,0.000000
yellow,889.067479,193.400596,0.000000,0.010000,0.010000,0.000000
yellow,893.001494,199.588701,0.000000,0.010000,0.010000,0.000000
yellow,897.519398,205.394451,0.000000,0.010000,0.010000,0.000000
yellow,902.621673,210.798323,0.000000,0.010000,0.010000,0.000000
yellow,908.200978,215.867278,0.000000,0.010000,0.010000,0.000000
yellow,914.175835,220.662291,0.000000,0.010000,0.010000,0.000000
yellow,920.459612,225.259577,0.000000,0.010000,0.010000,0.000000
yellow,926.861554,229.649590,0.000000,0.010000,0.010000,0.000000
yellow,933.353248,233.775367,0.000000,0.010000,0.010000,0.000000
yellow,939.986918,237.595948,0.000000,0.010000,0.010000,0.000000
yellow,946.769392,241.032175,0.000000,0.010000,0.010000,0.000000
yellow,953.677187,244.061348,0.000000,0.010000,0.010000,0.000000
yellow,960.696754,246.613004,0.000000,0.010000,0.010000,0.000000
yellow,967.807212,248.539068,0.000000,0.010000,0.010000,0.000000
yellow,974.950720,249.788972,0.000000,0.010000,0.010000,0.000000
yellow,982.060906,250.252468,0.000000,0.010000,0.010000,0.000000
yellow,989.050103,249.824129,0.000000,0.010000,0.010000,0.000000
yellow,995.818491,248.424112,0.000000,0.010000,0.010000,0.000000
yellow,1002.498756,245.853162,0.000000,0.010000,0.010000,0.000000
yellow,1009.668250,242.354203,0.000000,0.010000,0.010000,0.000000
yellow,1016.862299,238.833030,0.000000,0.010000,0.010000,0.000000
yellow,1024.058841,235.322876,0.000000,0.010000,0.010000,0.000000
yellow,1031.257514,231.819612,0.000000,0.010000,0.010000,0.000000
yellow,1038.458399,228.322308,0.000000,0.010000,0.010000,0.000000
yellow,1045.661913,224.830978,0.000000,0.010000,0.010000,0.000000
yellow,1052.867929,221.344494,0.000000,0.010000,0.010000,0.000000
yellow,1060.076828,217.862848,0.000000,0.010000,0.010000,0.000000
yellow,1067.290164,214.387323,0.000000,0.010000,0.010000,0.000000
yellow,1074.509045,210.917807,0.000000,0.010000,0.010000,0.000000
yellow,1081.740012,207.457006,0.000000,0.010000,0.010000,0.000000
yellow,1089.008234,204.005402,0.000000,0.010000,0.010000,0.000000
yellow,1097.173484,200.438601,0.000000,0.010000,0.010000,0.000000
yellow,1106.221699,198.087801,0.000000,0.010000,0.010000,0.000000
yellow,1115.565438,197.553737,0.000000,0.010000,0.010000,0.000000
yellow,1124.703015,198.789103,0.000000,0.010000,0.010000,0.000000
yellow,1133.310292,201.446059,0.000000,0.010000,0.010000,0.000000
yellow,1141.273847,205.162550,0.000000,0.010000,0.010000,0.000000
yellow,1148.642131,209.608104,0.000000,0.010000,0.010000,0.000000
yellow,1155.534019,214.542549,0.000000,0.010000,0.010000,0.000000
yellow,1162.004425,219.854422,0.000000,0.010000,0.010000,0.000000
yellow,1168.139140,225.438643,0.000000,0.010000,0.010000,0.000000
yellow,1174.013601,231.218667,0.000000,0.010000,0.010000,0.000000
yellow,1179.667144,237.155467,0.000000,0.010000,0.010000,0.000000
yellow,1185.123217,243.229669,0.000000,0.010000,0.010000,0.000000
yellow,1190.436974,249.433853,0.000000,0.010000,0.010000,0.000000
yellow,1195.570014,255.727019,0.000000,0.010000,0.010000,0.000000
yellow,1200.580115,262.084183,0.000000,0.010000,0.010000,0.000000
yellow,1205.465808,268.453519,0.000000,0.010000,0.010000,0.000000
yellow,1210.266905,274.734435,0.000000,0.010000,0.010000,0.000000
yellow,1215.039760,280.719173,0.000000,0.010000,0.010000,0.000000
yellow,1219.894567,286.049185,0.000000,0.010000,0.010000,0.000000
yellow,1224.996848,290.364313,0.000000,0.010000,0.010000,0.000000
yellow,1230.690118,293.493890,0.000000,0.010000,0.010000,0.000000
yellow,1234.690786,294.863325,0.000000,0.010000,0.010000,0.000000
yellow,1241.674521,296.288683,0.000000,0.010000,0.010000,0.000000
yellow,1248.946422,296.960220,0.000000,0.010000,0.010000,0.000000
yellow,1256.080974,296.909648,0.000000,0.010000,0.010000,0.000000
yellow,1262.967097,295.938368,0.000000,0.010000,0.010000,0.000000
yellow,1269.466509,293.937336,0.000000,0.010000,0.010000,0.000000
yellow,1275.472387,290.875256,0.000000,0.010000,0.010000,0.000000
yellow,1280.871914,286.709421,0.000000,0.010000,0.010000,0.000000
yellow,1285.669140,281.595778,0.000000,0.010000,0.010000,0.000000
yellow,1289.905906,275.680462,0.000000,0.010000,0.010000,0.000000
yellow,1293.893025,268.913274,0.000000,0.010000,0.010000,0.000000
yellow,1298.354987,261.684219,0.000000,0.010000,0.010000,0.000000
yellow,1303.961026,254.445840,0.000000,0.010000,0.010000,0.000000
yellow,1308.508406,250.237458,0.000000,0.010000,0.010000,0.000000
yellow,1314.057622,246.815367,0.000000,0.010000,0.010000,0.000000
yellow,1320.279952,244.682474,0.000000,0.010000,0.010000,0.000000
yellow,1326.578488,243.949282,0.000000,0.010000,0.010000,0.000000
yellow,1332.556527,244.292232,0.000000,0.010000,0.010000,0.000000
yellow,1337.737001,245.177312,0.000000,0.010000,0.010000,0.000000
yellow,1345.621207,246.710524,0.000000,0.010000,0.010000,0.000000
yellow,1353.479728,248.266225,0.000000,0.010000,0.010000,0.000000
yellow,1361.331462,249.831912,0.000000,0.010000,0.010000,0.000000
yellow,1369.179824,251.403775,0.000000,0.010000,0.010000,0.000000
yellow,1377.026190,252.979851,0.000000,0.010000,0.010000,0.000000
yellow,1384.870976,254.559678,0.000000,0.010000,0.010000,0.000000
yellow,1392.714785,256.142059,0.000000,0.010000,0.010000,0.000000
yellow,1400.557947,257.726207,0.000000,0.010000,0.010000,0.000000
yellow,1408.400572,259.311867,0.000000,0.010000,0.010000,0.000000
yellow,1416.242548,260.899438,0.000000,0.010000,0.010000,0.000000
yellow,1424.084173,262.488067,0.000000,0.010000,0.010000,0.000000
yellow,1431.925499,264.077596,0.000000,0.010000,0.010000,0.000000
yellow,1439.766500,265.668097,0.000000,0.010000,0.010000,0.000000
yellow,1447.607179,267.259506,0.000000,0.010000,0.010000,0.000000
yellow,1455.447633,268.851463,0.000000,0.010000,0.010000,0.000000
yellow,1463.287843,270.443900,0.000000,0.010000,0.010000,0.000000
yellow,1471.127760,272.036670,0.000000,0.010000,0.010000,0.000000
yellow,1478.967218,273.629457,0.000000,0.010000,0.010000,0.000000
yellow,1486.805418,275.221451,0.000000,0.010000,0.010000,0.000000
yellow,1494.667924,276.815001,0.000000,0.010000,0.010000,0.000000
yellow,1503.215280,278.888385,0.000000,0.010000,0.010000,0.000000
yellow,1511.703946,282.277050,0.000000,0.010000,0.010000,0.000000
yellow,1519.523758,287.089778,0.000000,0.010000,0.010000,0.000000
yellow,1526.289545,292.883006,0.000000,0.010000,0.010000,0.000000
yellow,1532.147983,299.106314,0.000000,0.010000,0.010000,0.000000
yellow,1537.381504,305.360421,0.000000,0.010000,0.010000,0.000000
yellow,1542.464441,311.555486,0.000000,0.010000,0.010000,0.000000
yellow,1547.530607,317.753690,0.000000,0.010000,0.010000,0.000000
yellow,1552.590563,323.954339,0.000000,0.010000,0.010000,0.000000
yellow,1557.647795,330.156060,0.000000,0.010000,0.010000,0.000000
yellow,1562.701459,336.359560,0.000000,0.010000,0.010000,0.000000
yellow,1567.754018,342.563612,0.000000,0.010000,0.010000,0.000000
yellow,1572.805266,348.768384,0.000000,0.010000,0.010000,0.000000
yellow,1577.855127,354.973918,0.000000,0.010000,0.010000,0.000000
yellow,1582.904988,361.179451,0.000000,0.010000,0.010000,0.000000
yellow,1587.953391,367.385797,0.000000,0.010000,0.010000,0.000000
yellow,1593.001668,373.592214,0.000000,0.010000,0.010000,0.000000
yellow,1598.049838,379.798683,0.000000,0.010000,0.010000,0.000000
yellow,1603.097254,386.005530,0.000000,0.010000,0.010000,0.000000
yellow,1608.144670,392.212376,0.000000,0.010000,0.010000,0.000000
yellow,1613.192036,398.419231,0.000000,0.010000,0.010000,0.000000
yellow,1618.239127,404.626132,0.000000,0.010000,0.010000,0.000000
yellow,1623.286217,410.833032,0.000000,0.010000,0.010000,0.000000
yellow,1628.333316,417.039913,0.000000,0.010000,0.010000,0.000000
yellow,1633.380527,423.246521,0.000000,0.010000,0.010000,0.000000
yellow,1638.427738,429.453129,0.000000,0.010000,0.010000,0.000000
yellow,1643.474949,435.659737,0.000000,0.010000,0.010000,0.000000
yellow,1648.522655,441.865745,0.000000,0.010000,0.010000,0.000000
yellow,1653.570403,448.071703,0.000000,0.010000,0.010000,0.000000
yellow,1658.618151,454.277661,0.000000,0.010000,0.010000,0.000000
yellow,1663.666654,460.482796,0.000000,0.010000,0.010000,0.000000
yellow,1668.715372,466.687696,0.000000,0.010000,0.010000,0.000000
yellow,1673.764090,472.892596,0.000000,0.010000,0.010000,0.000000
yellow,1678.813820,479.096408,0.000000,0.010000,0.010000,0.000000
yellow,1683.864004,485.299733,0.000000,0.010000,0.010000,0.000000
yellow,1688.914187,491.503057,0.000000,0.010000,0.010000,0.000000
yellow,1693.965860,497.704737,0.000000,0.010000,0.010000,0.000000
yellow,1699.018121,503.905767,0.000000,0.010000,0.010000,0.000000
yellow,1704.070382,510.106796,0.000000,0.010000,0.010000,0.000000
yellow,1709.125275,516.304714,0.000000,0.010000,0.010000,0.000000
yellow,1714.180413,522.502341,0.000000,0.010000,0.010000,0.000000
yellow,1719.236904,528.698145,0.000000,0.010000,0.010000,0.000000
yellow,1724.295993,534.890448,0.000000,0.010000,0.010000,0.000000
yellow,1729.355381,541.082225,0.000000,0.010000,0.010000,0.000000
yellow,1734.419740,547.265254,0.000000,0.010000,0.010000,0.000000
yellow,1739.484731,553.445966,0.000000,0.010000,0.010000,0.000000
yellow,1744.554560,559.608990,0.000000,0.010000,0.010000,0.000000
yellow,1749.615221,565.730090,0.000000,0.010000,0.010000,0.000000
yellow,1754.800472,571.895443,0.000000,0.010000,0.010000,0.000000
yellow,1760.375233,580.098238,0.000000,0.010000,0.010000,0.000000
yellow,1762.603410,585.966593,0.000000,0.010000,0.010000,0.000000
yellow,1763.713556,592.160531,0.000000,0.010000,0.010000,0.000000
yellow,1763.620057,598.532945,0.000000,0.010000,0.010000,0.000000
yellow,1762.147267,604.943821,0.000000,0.010000,0.010000,0.000000
yellow,1758.936212,611.136604,0.000000,0.010000,0.010000,0.000000
yellow,1753.535184,616.388559,0.000000,0.010000,0.010000,0.000000
yellow,1746.257538,619.311273,0.000000,0.010000,0.010000,0.000000
yellow,1738.832712,619.241628,0.000000,0.010000,0.010000,0.000000
yellow,1733.581017,617.797924,0.000000,0.010000,0.010000,0.000000
yellow,1725.965809,615.423176,0.000000,0.010000,0.010000,0.000000
yellow,1718.329277,613.061595,0.000000,0.010000,0.010000,0.000000
yellow,1710.688756,610.705854,0.000000,0.010000,0.010000,0.000000
yellow,1703.046460,608.353088,0.000000,0.010000,0.010000,0.000000
yellow,1695.401406,606.006472,0.000000,0.010000,0.010000,0.000000
yellow,1687.756055,603.660657,0.000000,0.010000,0.010000,0.000000
yellow,1680.108808,601.319950,0.000000,0.010000,0.010000,0.000000
yellow,1672.461562,598.979242,0.000000,0.010000,0.010000,0.000000
yellow,1664.812387,596.644418,0.000000,0.010000,0.010000,0.000000
yellow,1657.163200,594.309628,0.000000,0.010000,0.010000,0.000000
yellow,1649.512807,591.978852,0.000000,0.010000,0.010000,0.000000
yellow,1641.861752,589.650279,0.000000,0.010000,0.010000,0.000000
yellow,1634.210445,587.322599,0.000000,0.010000,0.010000,0.000000
yellow,1626.557489,585.000784,0.000000,0.010000,0.010000,0.000000
yellow,1618.904533,582.678969,0.000000,0.010000,0.010000,0.000000
yellow,1611.250582,580.360898,0.000000,0.010000,0.010000,0.000000
yellow,1603.595623,578.046626,0.000000,0.010000,0.010000,0.000000
yellow,1595.940664,575.732352,0.000000,0.010000,0.010000,0.000000
yellow,1588.284016,573.424803,0.000000,0.010000,0.010000,0.000000
yellow,1580.626893,571.119143,0.000000,0.010000,0.010000,0.000000
yellow,1572.969707,568.813747,0.000000,0.010000,0.010000,0.000000
yellow,1565.310210,566.518136,0.000000,0.010000,0.010000,0.000000
yellow,1557.650713,564.222524,0.000000,0.010000,0.010000,0.000000
yellow,1549.990491,561.930218,0.000000,0.010000,0.010000,0.000000
yellow,1542.328368,559.646585,0.000000,0.010000,0.010000,0.000000
yellow,1534.666246,557.362948,0.000000,0.010000,0.010000,0.000000
yellow,1527.002464,555.087680,0.000000,0.010000,0.010000,0.000000
yellow,1519.337442,552.818667,0.000000,0.010000,0.010000,0.000000
yellow,1511.672422,550.549649,0.000000,0.010000,0.010000,0.000000
yellow,1504.004405,548.298192,0.000000,0.010000,0.010000,0.000000
yellow,1496.336254,546.047525,0.000000,0.010000,0.010000,0.000000
yellow,1488.666621,543.808093,0.000000,0.010000,0.010000,0.000000
yellow,1480.995328,541.581256,0.000000,0.010000,0.010000,0.000000
yellow,1473.323659,539.359544,0.000000,0.010000,0.010000,0.000000
yellow,1465.649979,537.165051,0.000000,0.010000,0.010000,0.000000
yellow,1457.976369,534.973367,0.000000,0.010000,0.010000,0.000000
yellow,1450.303655,532.825536,0.000000,0.010000,0.010000,0.000000
yellow,1442.634087,530.693907,0.000000,0.010000,0.010000,0.000000
yellow,1434.975635,528.619752,0.000000,0.010000,0.010000,0.000000
yellow,1427.289091,526.618815,0.000000,0.010000,0.010000,0.000000
yellow,1419.565592,524.682483,0.000000,0.010000,0.010000,0.000000
yellow,1411.809269,522.792930,0.000000,0.010000,0.010000,0.000000
yellow,1404.046455,520.919464,0.000000,0.010000,0.010000,0.000000
yellow,1396.278878,519.060186,0.000000,0.010000,0.010000,0.000000
yellow,1388.507144,517.214866,0.000000,0.010000,0.010000,0.000000
yellow,1380.731742,515.382996,0.000000,0.010000,0.010000,0.000000
yellow,1372.953187,513.563450,0.000000,0.010000,0.010000,0.000000
yellow,1365.171664,511.756058,0.000000,0.010000,0.010000,0.000000
yellow,1357.387032,509.961959,0.000000,0.010000,0.010000,0.000000
yellow,1349.599597,508.180298,0.000000,0.010000,0.010000,0.000000
yellow,1341.809470,506.410958,0.000000,0.010000,0.010000,0.000000
yellow,1334.016742,504.653835,0.000000,0.010000,0.010000,0.000000
yellow,1326.221494,502.908835,0.000000,0.010000,0.010000,0.000000
yellow,1318.423794,501.175870,0.000000,0.010000,0.010000,0.000000
yellow,1310.623020,499.458404,0.000000,0.010000,0.010000,0.000000
yellow,1302.819505,497.755180,0.000000,0.010000,0.010000,0.000000
yellow,1295.013564,496.064843,0.000000,0.010000,0.010000,0.000000
yellow,1287.205235,494.387405,0.000000,0.010000,0.010000,0.000000
yellow,1279.393917,492.726496,0.000000,0.010000,0.010000,0.000000
yellow,1271.579519,491.083187,0.000000,0.010000,0.010000,0.000000
yellow,1263.766649,489.455018,0.000000,0.010000,0.010000,0.000000
yellow,1255.954474,487.843454,0.000000,0.010000,0.010000,0.000000
yellow,1248.128527,486.263355,0.000000,0.010000,0.010000,0.000000
yellow,1240.297380,484.702453,0.000000,0.010000,0.010000,0.000000
yellow,1232.462076,483.156992,0.000000,0.010000,0.010000,0.000000
yellow,1224.622892,481.625974,0.000000,0.010000,0.010000,0.000000
yellow,1216.780077,480.108469,0.000000,0.010000,0.010000,0.000000
yellow,1208.933488,478.604955,0.000000,0.010000,0.010000,0.000000
yellow,1201.083293,477.114635,0.000000,0.010000,0.010000,0.000000
yellow,1193.230285,475.634393,0.000000,0.010000,0.010000,0.000000
yellow,1185.374622,474.163430,0.000000,0.010000,0.010000,0.000000
yellow,1177.516452,472.700924,0.000000,0.010000,0.010000,0.000000
yellow,1169.655917,471.246017,0.000000,0.010000,0.010000,0.000000
yellow,1161.792897,469.798436,0.000000,0.010000,0.010000,0.000000
yellow,1153.927724,468.356353,0.000000,0.010000,0.010000,0.000000
yellow,1146.060675,466.918183,0.000000,0.010000,0.010000,0.000000
yellow,1138.191842,465.482712,0.000000,0.010000,0.010000,0.000000
yellow,1130.321307,464.048534,0.000000,0.010000,0.010000,0.000000
yellow,1122.449133,462.613989,0.000000,0.010000,0.010000,0.000000
yellow,1114.575351,461.177086,0.000000,0.010000,0.010000,0.000000
yellow,1106.699942,459.735397,0.000000,0.010000,0.010000,0.000000
yellow,1098.822801,458.285905,0.000000,0.010000,0.010000,0.000000
yellow,1090.943672,456.824796,0.000000,0.010000,0.010000,0.000000
yellow,1083.077960,455.350156,0.000000,0.010000,0.010000,0.000000
yellow,1075.244244,453.879446,0.000000,0.010000,0.010000,0.000000
yellow,1067.419177,452.412333,0.000000,0.010000,0.010000,0.000000
yellow,1059.573593,451.015428,0.000000,0.010000,0.010000,0.000000
yellow,1051.725837,449.626179,0.000000,0.010000,0.010000,0.000000
yellow,1043.862035,448.298076,0.000000,0.010000,0.010000,0.000000
yellow,1035.997611,446.972563,0.000000,0.010000,0.010000,0.000000
yellow,1028.120698,445.699473,0.000000,0.010000,0.010000,0.000000
yellow,1020.243796,444.426322,0.000000,0.010000,0.010000,0.000000
yellow,1012.356658,443.200145,0.000000,0.010000,0.010000,0.000000
yellow,1004.469191,441.975465,0.000000,0.010000,0.010000,0.000000
yellow,996.574628,440.786226,0.000000,0.010000,0.010000,0.000000
yellow,988.678457,439.605006,0.000000,0.010000,0.010000,0.000000
yellow,980.777872,438.447719,0.000000,0.010000,0.010000,0.000000
yellow,972.874388,437.306149,0.000000,0.010000,0.010000,0.000000
yellow,964.968729,436.177387,0.000000,0.010000,0.010000,0.000000
yellow,957.058997,435.072616,0.000000,0.010000,0.010000,0.000000
yellow,949.148920,433.970053,0.000000,0.010000,0.010000,0.000000
yellow,941.233774,432.900027,0.000000,0.010000,0.010000,0.000000
yellow,933.318631,431.829978,0.000000,0.010000,0.010000,0.000000
yellow,925.399854,430.785508,0.000000,0.010000,0.010000,0.000000
yellow,917.479968,429.748845,0.000000,0.010000,0.010000,0.000000
yellow,909.558124,428.727460,0.000000,0.010000,0.010000,0.000000
yellow,901.634052,427.723460,0.000000,0.010000,0.010000,0.000000
yellow,893.709298,426.725465,0.000000,0.010000,0.010000,0.000000
yellow,885.781528,425.754024,0.000000,0.010000,0.010000,0.000000
yellow,877.853760,424.782559,0.000000,0.010000,0.010000,0.000000
yellow,869.922967,423.841956,0.000000,0.010000,0.010000,0.000000
yellow,861.991955,422.903589,0.000000,0.010000,0.010000,0.000000
yellow,854.058934,421.990075,0.000000,0.010000,0.010000,0.000000
yellow,846.125147,421.086058,0.000000,0.010000,0.010000,0.000000
yellow,838.190080,420.202953,0.000000,0.010000,0.010000,0.000000
yellow,830.254062,419.335377,0.000000,0.010000,0.010000,0.000000
yellow,822.317289,418.487518,0.000000,0.010000,0.010000,0.000000
yellow,814.379757,417.659522,0.000000,0.010000,0.010000,0.000000
yellow,806.441989,416.854063,0.000000,0.010000,0.010000,0.000000
yellow,798.503997,416.070157,0.000000,0.010000,0.010000,0.000000
yellow,790.566780,415.317955,0.000000,0.010000,0.010000,0.000000
yellow,782.630031,414.584538,0.000000,0.010000,0.010000,0.000000
yellow,774.696903,413.902613,0.000000,0.010000,0.010000,0.000000
yellow,766.748595,413.244195,0.000000,0.010000,0.010000,0.000000
yellow,758.746783,412.637847,0.000000,0.010000,0.010000,0.000000
yellow,750.640256,411.944550,0.000000,0.010000,0.010000,0.000000
yellow,742.644794,411.137838,0.000000,0.010000,0.010000,0.000000
yellow,734.673749,410.299469,0.000000,0.010000,0.010000,0.000000
yellow,726.709868,409.446436,0.000000,0.010000,0.010000,0.000000
yellow,718.749722,408.583757,0.000000,0.010000,0.010000,0.000000
yellow,710.792248,407.712560,0.000000,0.010000,0.010000,0.000000
yellow,702.836185,406.835921,0.000000,0.010000,0.010000,0.000000
yellow,694.881112,405.954993,0.000000,0.010000,0.010000,0.000000
yellow,686.926814,405.070360,0.000000,0.010000,0.010000,0.000000
yellow,678.973323,404.181130,0.000000,0.010000,0.010000,0.000000
yellow,671.020305,403.288414,0.000000,0.010000,0.010000,0.000000
yellow,663.067612,402.392774,0.000000,0.010000,0.010000,0.000000
yellow,655.115190,401.494124,0.000000,0.010000,0.010000,0.000000
yellow,647.162943,400.590900,0.000000,0.010000,0.010000,0.000000
yellow,639.210581,399.684011,0.000000,0.010000,0.010000,0.000000
yellow,631.257783,398.772765,0.000000,0.010000,0.010000,0.000000
yellow,623.303784,397.855763,0.000000,0.010000,0.010000,0.000000
yellow,615.346215,396.930152,0.000000,0.010000,0.010000,0.000000
yellow,607.374690,395.988753,0.000000,0.010000,0.010000,0.000000
yellow,598.862555,394.852240,0.000000,0.010000,0.010000,0.000000
yellow,592.614414,392.996014,0.000000,0.010000,0.010000,0.000000
yellow,586.089002,388.656275,0.000000,0.010000,0.010000,0.000000
yellow,582.041834,380.105197,0.000000,0.010000,0.010000,0.000000
yellow,583.158713,372.072332,0.000000,0.010000,0.010000,0.000000
yellow,585.997828,366.461219,0.000000,0.010000,0.010000,0.000000
yellow,588.925283,362.049235,0.000000,0.010000,0.010000,0.000000
yellow,593.674387,355.424246,0.000000,0.010000,0.010000,0.000000
yellow,598.482701,348.948488,0.000000,0.010000,0.010000,0.000000
yellow,603.324981,342.537849,0.000000,0.010000,0.010000,0.000000
yellow,608.184752,336.160355,0.000000,0.010000,0.010000,0.000000
yellow,613.052549,329.802303,0.000000,0.010000,0.010000,0.000000
yellow,617.920390,323.456442,0.000000,0.010000,0.010000,0.000000
yellow,622.780720,317.115040,0.000000,0.010000,0.010000,0.000000
yellow,627.626116,310.773838,0.000000,0.010000,0.010000,0.000000
yellow,632.440141,304.427841,0.000000,0.010000,0.010000,0.000000
yellow,637.210239,298.074531,0.000000,0.010000,0.010000,0.000000
yellow,641.892494,291.713902,0.000000,0.010000,0.010000,0.000000
yellow,646.522850,285.229192,0.000000,0.010000,0.010000,0.000000
yellow,651.128905,278.730938,0.000000,0.010000,0.010000,0.000000
yellow,655.708156,272.207144,0.000000,0.010000,0.010000,0.000000
yellow,660.260942,265.662495,0.000000,0.010000,0.010000,0.000000
yellow,664.787807,259.100519,0.000000,0.010000,0.010000,0.000000
yellow,669.287430,252.522815,0.000000,0.010000,0.010000,0.000000
yellow,673.754906,245.929277,0.000000,0.010000,0.010000,0.000000
yellow,678.179684,239.318933,0.000000,0.010000,0.010000,0.000000
yellow,682.548005,232.693098,0.000000,0.010000,0.010000,0.000000
yellow,686.825532,226.056975,0.000000,0.010000,0.010000,0.000000
yellow,690.817912,219.588744,0.000000,0.010000,0.010000,0.000000
yellow,693.459164,213.880593,0.000000,0.010000,0.010000,0.000000
yellow,694.382833,210.012623,0.000000,0.010000,0.010000,0.000000
yellow,694.732311,206.097366,0.000000,0.010000,0.010000,0.000000
yellow,694.490527,202.317957,0.000000,0.010000,0.010000,0.000000
yellow,693.642373,198.887211,0.000000,0.010000,0.010000,0.000000
yellow,692.234883,195.998726,0.000000,0.010000,0.010000,0.000000
yellow,690.299630,193.732167,0.000000,0.010000,0.010000,0.000000
yellow,687.749535,192.074394,0.000000,0.010000,0.010000,0.000000
yellow,684.448777,191.057595,0.000000,0.010000,0.010000,0.000000
yellow,679.978080,190.643192,0.000000,0.010000,0.010000,0.000000
yellow,672.261306,190.429310,0.000000,0.010000,0.010000,0.000000
yellow,664.458330,190.490009,0.000000,0.010000,0.010000,0.000000
yellow,656.625295,190.755887,0.000000,0.010000,0.010000,0.000000
yellow,648.790992,191.199316,0.000000,0.010000,0.010000,0.000000
yellow,640.982201,191.815926,0.000000,0.010000,0.010000,0.000000
yellow,633.243955,192.624723,0.000000,0.010000,0.010000,0.000000
yellow,625.740507,193.702338,0.000000,0.010000,0.010000,0.000000
yellow,619.314601,195.310791,0.000000,0.010000,0.010000,0.000000
yellow,613.685176,198.112547,0.000000,0.010000,0.010000,0.000000
yellow,610.921088,200.355779,0.000000,0.010000,0.010000,0.000000
yellow,608.649450,203.144008,0.000000,0.010000,0.010000,0.000000
yellow,606.838096,206.517434,0.000000,0.010000,0.010000,0.000000
yellow,605.470056,210.372464,0.000000,0.010000,0.010000,0.000000
yellow,603.876177,217.943727,0.000000,0.010000,0.010000,0.000000
yellow,601.930185,226.210292,0.000000,0.010000,0.010000,0.000000
yellow,599.251562,234.469062,0.000000,0.010000,0.010000,0.000000
yellow,595.602902,242.546995,0.000000,0.010000,0.010000,0.000000
yellow,590.924646,250.118021,0.000000,0.010000,0.010000,0.000000
yellow,585.717371,256.709206,0.000000,0.010000,0.010000,0.000000
yellow,580.618388,262.908888,0.000000,0.010000,0.010000,0.000000
yellow,575.477978,269.098611,0.000000,0.010000,0.010000,0.000000
yellow,570.283009,275.265301,0.000000,0.010000,0.010000,0.000000
yellow,565.010246,281.400704,0.000000,0.010000,0.010000,0.000000
yellow,559.615748,287.496696,0.000000,0.010000,0.010000,0.000000
yellow,553.995649,293.550446,0.000000,0.010000,0.010000,0.000000
yellow,547.602856,299.659186,0.000000,0.010000,0.010000,0.000000
yellow,542.624823,303.175856,0.000000,0.010000,0.010000,0.000000
yellow,537.430199,305.822033,0.000000,0.010000,0.010000,0.000000
yellow,528.932605,308.782609,0.000000,0.010000,0.010000,0.000000
yellow,520.285148,310.569514,0.000000,0.010000,0.010000,0.000000
yellow,511.386744,311.258923,0.000000,0.010000,0.010000,0.000000
yellow,503.299582,311.226065,0.000000,0.010000,0.010000,0.000000
yellow,495.084363,311.033427,0.000000,0.010000,0.010000,0.000000
yellow,486.386331,310.373379,0.000000,0.010000,0.010000,0.000000
yellow,474.867217,304.124144,0.000000,0.010000,0.010000,0.000000
yellow,471.433703,297.168978,0.000000,0.010000,0.010000,0.000000
yellow,470.626513,290.257962,0.000000,0.010000,0.010000,0.000000
yellow,471.415135,283.931949,0.000000,0.010000,0.010000,0.000000
yellow,473.533865,277.792535,0.000000,0.010000,0.010000,0.000000
yellow,477.276430,270.437631,0.000000,0.010000,0.010000,0.000000
yellow,481.130879,263.324422,0.000000,0.010000,0.010000,0.000000
yellow,485.045816,256.293871,0.000000,0.010000,0.010000,0.000000
yellow,488.996220,249.303088,0.000000,0.010000,0.010000,0.000000
yellow,492.969580,242.335692,0.000000,0.010000,0.010000,0.000000
yellow,496.963197,235.387643,0.000000,0.010000,0.010000,0.000000
yellow,500.969742,228.451608,0.000000,0.010000,0.010000,0.000000
yellow,504.983427,221.522304,0.000000,0.010000,0.010000,0.000000
yellow,509.004998,214.600569,0.000000,0.010000,0.010000,0.000000
yellow,513.031440,207.684256,0.000000,0.010000,0.010000,0.000000
yellow,517.059847,200.770543,0.000000,0.010000,0.010000,0.000000
yellow,521.089942,193.860338,0.000000,0.010000,0.010000,0.000000
yellow,525.118617,186.951516,0.000000,0.010000,0.010000,0.000000
yellow,529.145707,180.043484,0.000000,0.010000,0.010000,0.000000
yellow,533.166537,173.135649,0.000000,0.010000,0.010000,0.000000
yellow,537.178981,166.226936,0.000000,0.010000,0.010000,0.000000
yellow,541.181410,159.317175,0.000000,0.010000,0.010000,0.000000
yellow,545.167222,152.405669,0.000000,0.010000,0.010000,0.000000
yellow,549.119078,145.493074,0.000000,0.010000,0.010000,0.000000
yellow,553.020011,138.586486,0.000000,0.010000,0.010000,0.000000
yellow,556.809747,131.722172,0.000000,0.010000,0.010000,0.000000
yellow,559.852195,125.682172,0.000000,0.010000,0.010000,0.000000
yellow,560.957533,121.629661,0.000000,0.010000,0.010000,0.000000
yellow,562.129152,114.304014,0.000000,0.010000,0.010000,0.000000
yellow,562.841841,106.644001,0.000000,0.010000,0.010000,0.000000
yellow,563.269139,98.857701,0.000000,0.010000,0.010000,0.000000
yellow,563.494127,91.010364,0.000000,0.010000,0.010000,0.000000
yellow,563.563620,83.314146,0.000000,0.010000,0.010000,0.000000
yellow,562.301503,77.538355,0.000000,0.010000,0.010000,0.000000
yellow,559.751450,70.278112,0.000000,0.010000,0.010000,0.000000
yellow,556.899419,62.960226,0.000000,0.010000,0.010000,0.000000
yellow,553.893367,55.651947,0.000000,0.010000,0.010000,0.000000
yellow,550.784968,48.367417,0.000000,0.010000,0.010000,0.000000
yellow,547.594450,41.117658,0.000000,0.010000,0.010000,0.000000
yellow,544.327771,33.929184,0.000000,0.010000,0.010000,0.000000
yellow,541.009114,27.004271,0.000000,0.010000,0.010000,0.000000
yellow,537.857749,22.374477,0.000000,0.010000,0.010000,0.000000
yellow,535.038862,20.155860,0.000000,0.010000,0.010000,0.000000
yellow,531.180998,18.035142,0.000000,0.010000,0.010000,0.000000
yellow,524.032419,14.375071,0.000000,0.010000,0.010000,0.000000
yellow,516.944910,10.854777,0.000000,0.010000,0.010000,0.000000
yellow,509.777574,7.365704,0.000000,0.010000,0.010000,0.000000
yellow,502.586410,3.895341,0.000000,0.010000,0.010000,0.000000
yellow,495.383685,0.436657,0.000000,0.010000,0.010000,0.000000
yellow,488.173821,-3.013998,0.000000,0.010000,0.010000,0.000000
yellow,480.958793,-6.458989,0.000000,0.010000,0.010000,0.000000
yellow,473.738947,-9.901020,0.000000,0.010000,0.010000,0.000000
yellow,466.959887,-13.111989,0.000000,0.010000,0.010000,0.000000
yellow,460.335872,-15.231238,0.000000,0.010000,0.010000,0.000000
yellow,453.111034,-16.635113,0.000000,0.010000,0.010000,0.000000
yellow,445.677327,-17.463896,0.000000,0.010000,0.010000,0.000000
yellow,438.150069,-17.760247,0.000000,0.010000,0.010000,0.000000
yellow,430.594524,-17.586352,0.000000,0.010000,0.010000,0.000000
yellow,423.051414,-16.942637,0.000000,0.010000,0.010000,0.000000
yellow,415.428160,-15.825722,0.000000,0.010000,0.010000,0.000000
yellow,407.657458,-14.453803,0.000000,0.010000,0.010000,0.000000
yellow,400.031228,-12.946867,0.000000,0.010000,0.010000,0.000000
yellow,392.529016,-11.207463,0.000000,0.010000,0.010000,0.000000
yellow,385.163935,-9.169330,0.000000,0.010000,0.010000,0.000000
yellow,377.968118,-6.763603,0.000000,0.010000,0.010000,0.000000
yellow,370.970235,-3.958083,0.000000,0.010000,0.010000,0.000000
yellow,364.190373,-0.752893,0.000000,0.010000,0.010000,0.000000
yellow,357.725356,2.965448,0.000000,0.010000,0.010000,0.000000
yellow,351.566733,7.124338,0.000000,0.010000,0.010000,0.000000
yellow,345.754756,11.730000,0.000000,0.010000,0.010000,0.000000
yellow,340.349245,16.800670,0.000000,0.010000,0.010000,0.000000
yellow,335.404134,22.333680,0.000000,0.010000,0.010000,0.000000
yellow,330.899953,28.255213,0.000000,0.010000,0.010000,0.000000
yellow,326.764521,34.679781,0.000000,0.010000,0.010000,0.000000
yellow,322.688440,41.734965,0.000000,0.010000,0.010000,0.000000
yellow,318.377832,48.762453,0.000000,0.010000,0.010000,0.000000
yellow,313.928172,55.540691,0.000000,0.010000,0.010000,0.000000
yellow,309.405160,62.222905,0.000000,0.010000,0.010000,0.000000
yellow,304.825297,68.840111,0.000000,0.010000,0.010000,0.000000
yellow,300.208551,75.418658,0.000000,0.010000,0.010000,0.000000
yellow,295.563858,81.969191,0.000000,0.010000,0.010000,0.000000
yellow,290.896641,88.497866,0.000000,0.010000,0.010000,0.000000
yellow,286.203456,95.002350,0.000000,0.010000,0.010000,0.000000
yellow,281.492020,101.490512,0.000000,0.010000,0.010000,0.000000
yellow,276.767321,107.967018,0.000000,0.010000,0.010000,0.000000
yellow,272.027248,114.430272,0.000000,0.010000,0.010000,0.000000
yellow,267.270829,120.879951,0.000000,0.010000,0.010000,0.000000
yellow,262.504106,127.321338,0.000000,0.010000,0.010000,0.000000
yellow,257.726744,133.754294,0.000000,0.010000,0.010000,0.000000
yellow,252.933750,140.175503,0.000000,0.010000,0.010000,0.000000
yellow,248.129320,146.588807,0.000000,0.010000,0.010000,0.000000
yellow,243.312566,152.994281,0.000000,0.010000,0.010000,0.000000
yellow,238.480904,159.391601,0.000000,0.010000,0.010000,0.000000
yellow,233.629106,165.781116,0.000000,0.010000,0.010000,0.000000
yellow,228.742998,172.167678,0.000000,0.010000,0.010000,0.000000
yellow,223.702332,178.638465,0.000000,0.010000,0.010000,0.000000
yellow,217.634236,185.338791,0.000000,0.010000,0.010000,0.000000
yellow,209.508296,191.140009,0.000000,0.010000,0.010000,0.000000
yellow,203.490708,193.472208,0.000000,0.010000,0.010000,0.000000
yellow,197.261441,194.534302,0.000000,0.010000,0.010000,0.000000
yellow,191.199054,194.515933,0.000000,0.010000,0.010000,0.000000
yellow,185.452640,193.692833,0.000000,0.010000,0.010000,0.000000
yellow,176.936451,191.324762,0.000000,0.010000,0.010000,0.000000
yellow,169.229533,188.486962,0.000000,0.010000,0.010000,0.000000
yellow,161.726392,185.534413,0.000000,0.010000,0.010000,0.000000
yellow,154.272572,182.533533,0.000000,0.010000,0.010000,0.000000
yellow,146.843147,179.503669,0.000000,0.010000,0.010000,0.000000
yellow,139.435494,176.442447,0.000000,0.010000,0.010000,0.000000
yellow,132.032256,173.374459,0.000000,0.010000,0.010000,0.000000
yellow,124.642310,170.284801,0.000000,0.010000,0.010000,0.000000
yellow,117.254279,167.191734,0.000000,0.010000,0.010000,0.000000
yellow,109.875204,164.082732,0.000000,0.010000,0.010000,0.000000
yellow,102.496630,160.972776,0.000000,0.010000,0.010000,0.000000
yellow,95.125782,157.848116,0.000000,0.010000,0.010000,0.000000
yellow,87.754936,154.723451,0.000000,0.010000,0.010000,0.000000
yellow,80.389566,151.587744,0.000000,0.010000,0.010000,0.000000
yellow,73.025303,148.449806,0.000000,0.010000,0.010000,0.000000
yellow,65.663973,145.305622,0.000000,0.010000,0.010000,0.000000
yellow,58.305236,142.155917,0.000000,0.010000,0.010000,0.000000
yellow,50.947453,139.004056,0.000000,0.010000,0.010000,0.000000
yellow,43.593556,135.843428,0.000000,0.010000,0.010000,0.000000
yellow,36.239659,132.682797,0.000000,0.010000,0.010000,0.000000
yellow,28.889603,129.512882,0.000000,0.010000,0.010000,0.000000
yellow,21.540113,126.341598,0.000000,0.010000,0.010000,0.000000
yellow,14.193092,123.163787,0.000000,0.010000,0.010000,0.000000
yellow,6.847752,119.981529,0.000000,0.010000,0.010000,0.000000
yellow,-0.495961,116.794374,0.000000,0.010000,0.010000,0.000000
yellow,-7.837304,113.600082,0.000000,0.010000,0.010000,0.000000
yellow,-15.177322,110.400839,0.000000,0.010000,0.010000,0.000000
yellow,-22.514860,107.192342,0.000000,0.010000,0.010000,0.000000
yellow,-29.850955,103.975395,0.000000,0.010000,0.010000,0.000000
yellow,-37.185351,100.748515,0.000000,0.010000,0.010000,0.000000
yellow,-44.519529,97.500578,0.000000,0.010000,0.010000,0.000000
yellow,-51.858542,94.229572,0.000000,0.010000,0.010000,0.000000
yellow,-59.233048,90.897173,0.000000,0.010000,0.010000,0.000000
yellow,-67.080792,87.146951,0.000000,0.010000,0.010000,0.000000
yellow,-75.205709,80.497125,0.000000,0.010000,0.010000,0.000000
yellow,-78.883535,74.672493,0.000000,0.010000,0.010000,0.000000
yellow,-80.796448,67.784530,0.000000,0.010000,0.010000,0.000000
yellow,-80.343299,60.348699,0.000000,0.010000,0.010000,0.000000
yellow,-77.104996,53.395589,0.000000,0.010000,0.010000,0.000000
yellow,-72.347446,48.818422,0.000000,0.010000,0.010000,0.000000
yellow,-66.079748,43.826448,0.000000,0.010000,0.010000,0.000000
yellow,-59.806640,38.846385,0.000000,0.010000,0.010000,0.000000
yellow,-53.575641,33.876340,0.000000,0.010000,0.010000,0.000000
yellow,-47.327326,28.880752,0.000000,0.010000,0.010000,0.000000
yellow,-41.079082,23.885042,0.000000,0.010000,0.010000,0.000000
yellow,-34.830934,18.889170,0.000000,0.010000,0.010000,0.000000
yellow,-28.582786,13.893297,0.000000,0.010000,0.010000,0.000000
yellow,-22.334793,8.897211,0.000000,0.010000,0.010000,0.000000
yellow,-16.086861,3.901040,0.000000,0.010000,0.010000,0.000000
yellow,-9.838930,-1.095132,0.000000,0.010000,0.010000,0.000000
big_orange,4.059586,5.716597,0.000000,0.010000,0.010000,0.000000
big_orange,4.684381,5.216951,0.000000,0.010000,0.010000,0.000000
big_orange,-4.684387,-5.216973,0.000000,0.010000,0.010000,0.000000
big_orange,-4.059606,-5.716607,0.000000,0.010000,0.010000,0.000000
car_start,-4.217232,3.372678,-0.674581,0.000000,0.000000,0.000000
