s_m,left_x_m,left_y_m,right_x_m,right_y_m
0.000000,4.371990,5.466782,-4.371990,-5.466782
34.743713,31.506069,-16.233359,22.761442,-27.166405
74.553230,62.594960,-41.099324,53.849594,-52.031779
118.459830,96.881595,-68.526759,88.135374,-79.458531
165.494787,133.608907,-97.911310,124.861689,-108.842284
214.689381,172.019839,-128.648628,163.271441,-139.578657
265.074887,211.357337,-160.134368,202.607523,-171.063264
315.682583,250.864362,-191.764200,242.112816,-202.691708
365.543748,289.783895,-222.933804,281.030180,-233.859576
413.689660,327.358950,-253.038893,318.602444,-263.962427
459.151600,362.832604,-281.475226,354.072370,-292.395771
500.960849,395.448061,-307.638668,386.682596,-318.555015
538.148693,424.448812,-330.925313,415.675474,-341.835333
569.746425,449.079115,-350.731879,440.292586,-361.631278
594.785356,468.585962,-366.457312,459.772783,-377.335174
612.296849,482.233288,-377.514554,473.337969,-388.325349
621.312537,489.216907,-383.260877,480.278173,-394.035802
625.897189,492.622154,-386.088161,483.929967,-397.062945
630.729637,496.289813,-388.995119,487.838745,-400.156635
635.764492,500.182439,-391.944509,491.974209,-403.285803
640.956488,504.262934,-394.899839,496.305706,-406.418629
646.260607,508.494248,-397.825074,500.802540,-409.522836
651.632223,512.839111,-400.684460,505.434232,-412.565864
657.027251,517.259779,-403.442432,510.170780,-415.514967
662.402336,521.717729,-406.063579,514.982958,-418.337245
667.715097,526.173283,-408.512672,519.842697,-420.999613
672.924458,530.585102,-410.754797,524.723589,-423.468674
677.991100,534.909497,-412.755652,529.601574,-425.710418
682.878114,539.099491,-414.482156,534.455884,-427.689613
687.551939,543.103604,-415.903644,539.270249,-429.368613
691.983760,546.864485,-416.994139,544.034272,-430.705080
696.151606,550.318037,-417.736539,548.744304,-431.647807
700.043531,553.395062,-418.129663,553.401796,-432.129662
703.662382,556.030435,-418.197833,558.004123,-432.058011
707.032610,558.188182,-417.996227,562.519513,-431.309363
710.208855,559.903976,-417.590888,566.844546,-429.749363
713.283697,560.395131,-418.012601,571.694160,-426.278915
716.652872,561.190572,-417.954241,574.877383,-420.898931
721.177394,561.985655,-414.990209,575.985631,-415.016352
727.123337,562.041969,-409.851748,575.951524,-408.262947
734.457773,561.283544,-403.056345,575.045240,-400.484243
743.050705,559.773438,-394.934000,573.397932,-391.713258
752.735234,557.603119,-385.736035,571.112342,-382.061679
763.327937,554.870163,-375.679946,568.285103,-371.675027
774.637004,551.673239,-364.967290,565.011755,-360.714760
786.465956,548.110929,-353.791411,561.387929,-349.350546
798.615518,544.281470,-342.341056,557.509594,-337.756653
810.884659,540.282742,-330.802164,553.473082,-326.110156
823.071200,536.212273,-319.358764,549.375073,-314.590042
834.972193,532.167231,-308.193354,545.312611,-303.376823
846.384193,528.244339,-297.486894,541.383181,-292.652557
857.103453,524.539682,-287.418296,537.684909,-282.601345
866.926119,521.148250,-278.162995,534.317013,-273.410765
875.648468,518.162860,-269.889128,531.380887,-265.275696
883.067340,515.671336,-262.745974,528.982918,-258.409872
888.981140,513.748147,-256.818598,527.242844,-253.091243
893.193175,512.524784,-252.339582,526.223386,-249.450240
896.751873,511.746409,-248.630791,525.532861,-246.194861
900.796132,511.004290,-244.405977,524.867618,-242.454535
905.281479,510.347374,-239.703837,524.274121,-238.273555
910.166092,509.825183,-234.563565,523.798258,-233.695718
915.411233,509.487789,-229.024710,523.485370,-228.764465
920.981753,509.385825,-223.127205,523.380233,-223.522855
926.846661,509.570493,-216.911481,523.527057,-218.013448
932.979768,510.093540,-210.418666,523.969508,-212.278106
939.360393,511.007161,-203.690837,524.750800,-206.357742
945.974119,512.363814,-196.771307,525.913886,-200.292036
952.813568,514.215906,-189.704893,527.501772,-194.119159
959.879156,516.615344,-182.538112,529.557961,-187.875588
967.179764,519.612979,-175.319210,532.127014,-181.596065
974.733245,523.258009,-168.097950,535.255143,-175.313820
982.566714,527.597466,-160.925115,538.990728,-169.061058
990.716519,532.675918,-153.851752,543.384612,-162.869726
999.227886,538.535518,-146.928263,548.490053,-156.772411
1008.154216,545.216429,-140.203540,554.362300,-150.803212
1017.556091,552.757550,-133.724314,561.057864,-144.998389
1027.500088,561.005591,-127.659515,568.825446,-139.272003
1037.691942,569.510166,-121.932851,577.228411,-133.613120
1047.773223,577.969254,-116.343426,585.591049,-128.086860
1057.724899,586.362654,-110.896143,593.892913,-122.698481
1067.527793,594.670150,-105.595925,602.113570,-117.453222
1077.162599,602.871514,-100.447716,610.232600,-112.356302
1086.609892,610.946502,-95.456478,618.229598,-107.412920
1095.850141,618.874854,-90.627191,626.084176,-102.628260
1104.863719,626.636294,-85.964850,633.775961,-98.007489
1113.630909,634.210527,-81.474467,641.284598,-93.555755
1122.131914,641.577239,-77.161071,648.589756,-89.278192
1130.346863,648.716088,-73.029710,655.671126,-85.179914
1138.255820,655.606702,-69.085452,662.508431,-81.266016
1145.838786,662.228670,-65.333390,669.081435,-77.541568
1153.075708,668.561528,-61.778646,675.369953,-74.011608
1159.946482,674.584744,-58.426383,681.353868,-70.681136
1166.430959,680.277686,-55.281819,687.013163,-67.555096
1172.508949,685.619578,-52.350250,692.327966,-64.638355
1178.160230,690.589431,-49.637091,697.278619,-61.935659
1183.364549,695.165911,-47.147947,701.845805,-59.451565
1188.101631,699.200131,-44.959452,706.137763,-57.119602
1192.539495,702.794735,-42.916212,710.252459,-54.764518
1196.871354,706.201516,-40.780023,714.177849,-52.285591
1201.113801,709.432640,-38.548688,717.919833,-49.682759
1205.283416,712.500269,-36.219399,721.484317,-46.956572
1209.396628,715.416387,-33.788775,724.877381,-44.108154
1213.469570,718.192629,-31.252958,728.105457,-41.139103
1217.517927,720.840149,-28.607759,731.175457,-38.051350
1221.556805,723.369524,-25.848827,734.094870,-34.846990
1225.600614,725.790723,-22.971823,736.871793,-31.528100
1229.662971,728.113127,-19.972588,739.514911,-28.096584
1233.756635,730.345590,-16.847268,742.033435,-24.554036
1237.893471,732.496536,-13.592406,744.437009,-20.901655
1242.084439,734.574065,-10.204989,746.735598,-17.140196
1246.339607,736.586058,-6.682454,748.939387,-13.269963
1250.668191,738.540281,-3.022671,751.058676,-9.290829
1255.078603,740.444461,0.776103,753.103804,-5.202278
1259.578515,742.306350,4.715274,755.085085,-1.003459
1264.174933,744.133769,8.795973,757.012764,3.306758
1268.874265,745.934639,13.019103,758.896987,7.729724
1273.682404,747.730347,17.419144,760.734431,12.233222
1278.427956,749.491507,21.835368,762.488995,16.632935
1282.948788,751.189587,26.077315,764.150818,20.785197
1287.264565,752.856722,30.158756,765.746482,24.694866
1291.395479,754.525864,34.092682,767.301749,28.367583
1295.362769,756.230818,37.890683,768.841528,31.810387
1299.189294,758.006063,41.562175,770.390055,35.032495
1302.900146,759.886240,45.113571,771.971403,38.046122
1306.523229,761.905238,48.547608,773.610399,40.867164
1310.089720,764.094923,51.863163,775.333890,43.515373
1313.634312,766.483815,55.055902,777.172071,46.013714
1317.195153,769.096218,58.119873,779.159353,48.386769
1320.813431,771.952296,61.049751,781.334286,50.658493
1324.532650,775.069266,63.843042,783.738368,52.850013
1328.397704,778.463363,66.501495,786.414079,54.978210
1332.453921,782.151851,69.031374,789.402868,57.055450
1336.746219,786.154483,71.442730,792.743698,59.090311
1341.318484,790.494105,73.748177,796.472438,61.088812
1346.213186,795.196542,75.961646,800.621975,63.055652
1351.471218,800.290056,78.097413,805.222765,64.995184
1357.131890,805.681232,80.126317,810.426935,66.955201
1362.926382,811.025964,82.051103,815.985048,68.958835
1368.463576,816.054019,83.953642,821.313342,70.979070
1373.759811,820.765329,85.859873,826.418657,73.052068
1378.833728,825.161099,87.794405,831.306565,75.215325
1383.707100,829.244729,89.780664,835.980439,77.507514
1388.405710,833.022945,91.841494,840.440330,79.967894
1392.960215,836.506888,94.000373,844.681870,82.635090
1397.406866,839.712710,96.283288,848.695683,85.545215
1401.787906,842.661058,98.720952,852.467896,88.729660
1406.151489,845.375051,101.350565,855.982165,92.213326
1410.550975,847.877004,104.216122,859.222948,96.014320
1415.043636,850.184969,107.366720,862.178971,100.145647
1419.688941,852.310464,110.853301,864.845488,104.618466
1424.546758,854.258200,114.725134,867.224566,109.445612
1429.675767,856.027503,119.027303,869.323650,114.644101
1435.132315,857.614530,123.799781,871.153360,120.236064
1440.969767,859.014324,129.077800,872.725426,126.248368
1447.238276,860.222250,134.892939,874.051260,132.711538
1453.984875,861.234751,141.274346,875.141193,139.658528
1461.253744,862.073424,148.492331,875.980402,146.881130
1468.626434,862.959542,156.092489,876.791267,153.928376
1475.567233,864.085706,163.247905,877.810913,160.487707
1482.111571,865.447775,169.982242,879.029369,166.585139
1488.295625,867.041484,176.317993,880.436783,172.247862
1494.156190,868.862116,182.276311,882.023761,177.504405
1499.730455,870.904084,187.876960,883.781774,182.384684
1505.055692,873.160505,193.138461,885.703591,186.919861
1510.168848,875.622834,198.078453,887.783644,191.141977
1515.106064,878.280678,202.714265,890.018211,195.083386
1519.902140,881.121872,207.063602,892.405343,198.776064
1524.590009,884.132832,211.145202,894.944510,202.250955
1529.200259,887.299138,214.979337,897.636018,205.537467
1533.760765,890.606210,218.588047,900.480333,208.663244
1538.296464,894.039948,221.995087,903.477441,211.654211
1542.829285,897.587210,225.225662,906.626369,214.534845
1547.378230,901.236097,228.306030,909.924903,217.328569
1551.959596,904.976037,231.263078,913.369500,220.058178
1556.587284,908.797726,234.123954,916.955352,222.746206
1561.273185,912.692978,236.915777,920.676528,225.415215
1566.027597,916.700640,239.696521,924.480069,228.056913
1570.833523,920.841885,242.461764,928.330123,230.632720
1575.659035,925.077289,245.140023,932.249176,233.116545
1580.491314,929.399814,247.715069,936.226765,235.492437
1585.318253,933.802617,250.170497,940.252233,237.744619
1590.128574,938.279062,252.489679,944.314712,239.857541
1594.911972,942.822723,254.655691,948.403129,241.815945
1599.659270,947.427373,256.651233,952.506209,243.604953
1604.362615,952.086936,258.458524,956.612524,245.210164
1609.015696,956.795417,260.059188,960.710571,246.617776
1613.614002,961.546756,261.434123,964.788907,247.814708
1618.155111,966.334619,262.563386,968.836365,248.788726
1622.639014,971.152091,263.426107,972.842357,249.528517
1627.068470,975.991271,264.000484,976.797285,250.023705
1631.449360,980.842769,264.263913,980.693036,250.264714
1635.791053,985.695180,264.193321,984.523513,250.242435
1640.106707,990.534617,263.765745,988.285103,249.947652
1644.413498,995.344461,262.959162,991.976921,249.370208
1648.732712,1000.105514,261.753462,995.600668,248.498034
1653.089646,1004.796644,260.131368,999.159970,247.316224
1657.513316,1009.117820,258.223702,1002.937360,245.661779
1662.209042,1013.323112,256.154694,1007.158833,243.584823
1667.315861,1017.901743,253.909324,1011.750497,241.333070
1672.770150,1022.795909,251.515507,1016.655549,238.933934
1678.508284,1027.947979,249.001068,1021.817014,236.414914
1684.466635,1033.300424,246.393785,1027.177815,233.803564
1690.581575,1038.795773,243.721402,1032.680817,231.127462
1696.789477,1044.376589,241.011649,1038.268848,228.414209
1703.026711,1049.985457,238.292245,1043.884721,225.691412
1709.229648,1055.564965,235.590906,1049.471238,222.986681
1715.334659,1061.057698,232.935350,1054.971211,220.327627
1721.278115,1066.406221,230.353303,1060.327466,217.741851
1726.996386,1071.553064,227.872509,1065.482866,215.256935
1732.425844,1076.440693,225.520741,1070.380341,212.900434
1737.502861,1081.011457,223.325827,1074.962935,210.699846
1742.163808,1085.207484,221.315700,1079.173913,208.682568
1746.345062,1088.970459,219.518497,1082.956984,206.875787
1749.982997,1092.241059,217.962823,1086.256866,205.306227
1753.013999,1094.957233,216.678528,1089.021000,203.999366
1755.374464,1097.047237,215.699794,1091.206528,202.976346
1757.000834,1098.316610,215.113003,1092.893302,202.206116
1761.597083,1101.870540,213.578797,1097.814125,200.179338
1766.032335,1105.384610,212.472721,1102.790051,198.715241
1770.361931,1108.885664,211.770446,1107.798189,197.812745
1774.641029,1112.403877,211.456229,1112.812313,197.462188
1778.922571,1115.967741,211.523388,1117.807886,197.644849
1783.255405,1119.599818,211.972225,1122.766297,198.335018
1787.682883,1123.314698,212.806540,1127.676909,199.503491
1792.242073,1127.119260,214.030254,1132.536793,201.120942
1796.963585,1131.014413,215.645123,1137.348993,203.160208
1801.871867,1134.997250,217.649734,1142.120367,205.597299
1806.985784,1139.062943,220.039453,1146.859696,208.411442
1812.319327,1143.206089,222.806882,1151.576336,211.584629
1817.882336,1147.421528,225.942490,1156.279396,215.100987
1823.681178,1151.704771,229.435211,1160.977319,218.946176
1829.719340,1156.052152,233.272939,1165.677722,223.106898
1835.997938,1160.460845,237.442899,1170.387384,227.570522
1842.516139,1164.928797,241.931908,1175.112309,232.324823
1849.271514,1169.454635,246.726563,1179.857823,237.357803
1856.260320,1174.037562,251.813351,1184.628673,242.657568
1863.477735,1178.653494,257.150064,1189.452897,248.240918
1870.080833,1182.789347,262.162188,1193.721039,253.415868
1876.208167,1186.564507,266.879787,1197.601826,258.267145
1881.893747,1190.026164,271.315585,1201.135578,262.796141
1887.170693,1193.222241,275.483219,1204.361878,267.003332
1892.071462,1196.201643,279.397084,1207.319329,270.888437
1896.628221,1199.014563,283.071945,1210.045245,274.450806
1900.873401,1201.712780,286.522185,1212.575354,277.690170
1904.840475,1204.349793,289.760518,1214.943665,280.607929
1908.564973,1206.980414,292.796051,1217.182872,283.209089
1912.085680,1209.659315,295.631841,1219.325812,285.504708
1915.445912,1212.438015,298.262660,1221.408471,287.514129
1918.694608,1215.360488,300.674473,1223.474385,289.265499
1921.886871,1218.459024,302.847320,1225.578770,290.792893
1925.083600,1221.753294,304.761760,1227.789461,292.129868
1928.350060,1225.254673,306.406179,1230.182593,293.302149
1931.753667,1228.974317,307.780863,1232.834516,294.323565
1935.361591,1232.930643,308.896919,1235.814319,295.197123
1939.238831,1237.152754,309.771836,1239.180409,295.919450
1943.447091,1241.679671,310.424818,1242.981270,296.485455
1948.044435,1246.631733,310.877108,1247.184072,296.888008
1952.704675,1251.745233,311.064084,1251.383795,297.068750
1957.085546,1256.606174,310.921919,1255.281676,296.984713
1961.217015,1261.219095,310.465291,1258.894629,296.659609
1965.128495,1265.586584,309.710266,1262.241520,296.115762
1968.848409,1269.709725,308.674941,1265.342718,295.373466
1972.403673,1273.588859,307.379891,1268.219337,294.450536
1975.819182,1277.224558,305.848273,1270.892255,293.362204
1979.117302,1280.618613,304.105530,1273.381137,292.121418
1982.317453,1283.774802,302.178745,1275.703658,290.739486
1985.435798,1286.699305,300.095814,1277.875091,289.226902
1988.485073,1289.400727,297.884625,1279.908284,287.594168
1991.474565,1291.889789,295.572414,1281.813971,285.852440
1994.410205,1294.178823,293.185365,1283.601271,284.013921
1997.294769,1296.281219,290.748481,1285.278250,282.092000
2000.128146,1298.210894,288.285651,1286.852443,280.101178
2002.907641,1299.981858,285.819866,1288.331292,278.056857
2005.628299,1301.607879,283.373512,1289.722486,275.975037
2008.283234,1303.102208,280.968721,1291.034224,273.871979
2010.863942,1304.477362,278.627736,1292.275445,271.763829
2013.360616,1305.642430,276.554555,1293.558511,269.484980
2015.811956,1306.835282,274.514532,1294.841363,267.293319
2018.206894,1308.004256,272.570726,1296.143011,265.133598
2020.543993,1309.154606,270.732255,1297.475704,263.011940
2022.822495,1310.290614,269.007851,1298.852661,260.934857
2025.042578,1311.415542,267.405510,1300.288122,258.909597
2027.205641,1312.531694,265.931992,1301.797283,256.944644
2029.314625,1313.640703,264.592177,1303.396013,255.050357
2031.374365,1314.744154,263.388340,1305.100229,253.239709
2033.391945,1315.844668,262.319491,1306.924812,251.528931
2035.377031,1316.947449,261.381106,1308.882058,249.937790
2037.342127,1318.062097,260.565612,1310.979869,248.489104
2039.302689,1319.204136,259.863925,1313.220222,247.207197
2041.277038,1320.395519,259.267968,1315.598667,246.115393
2043.286025,1321.663511,258.773494,1318.105438,245.233180
2045.352477,1323.038020,258.382216,1320.728131,244.574088
2047.500486,1324.548196,258.102378,1323.455096,244.145117
2049.754659,1326.219523,257.947683,1326.278351,243.947806
2052.139442,1328.072230,257.935212,1329.195168,243.980320
2054.678607,1330.121160,258.083213,1332.208206,244.239650
2057.394916,1332.549882,258.444448,1335.151398,244.688282
2061.053397,1336.108289,259.117301,1338.782515,245.375085
2066.282310,1341.222855,260.112567,1343.933214,246.377432
2072.899602,1347.704172,261.391519,1350.436099,247.660657
2080.723171,1355.370189,262.916765,1358.116416,249.188756
2089.570895,1364.040949,264.651310,1366.797319,250.925334
2099.260647,1373.537274,266.558306,1376.301181,252.833845
2109.610297,1383.680333,268.600970,1386.450030,254.877677
2120.437710,1394.291470,270.742558,1397.065718,257.020184
2131.560754,1405.192122,272.946339,1407.970003,259.224700
2142.797292,1416.203786,275.175598,1418.984585,261.454550
2153.965190,1427.147992,277.393624,1429.931130,263.673050
2164.882311,1437.846299,279.563713,1440.631275,265.843512
2175.366519,1448.120287,281.649164,1450.906637,267.929242
2185.235678,1457.791558,283.613282,1460.578807,269.893543
2194.307652,1466.681752,285.419379,1469.469344,271.699710
2202.400304,1474.612571,287.030780,1477.399741,273.311024
2209.331498,1481.405871,288.410839,1484.191337,274.690738
2214.919096,1486.884002,289.523013,1489.664981,275.802002
2218.980964,1490.871788,290.331256,1493.639042,276.607469
2221.334965,1493.110200,290.782244,1496.015746,277.087070
2223.647426,1495.137985,291.208234,1498.512182,277.620931
2225.874119,1497.053036,291.679034,1500.919239,278.223460
2228.023927,1498.863585,292.193942,1503.241105,278.895923
2230.105891,1500.578439,292.752617,1505.481393,279.639225
2232.129168,1502.206924,293.355210,1507.643197,280.453779
2234.102980,1503.758760,294.002477,1509.729218,281.339396
2236.036547,1505.243886,294.695837,1511.741938,282.295219
2237.939015,1506.672242,295.437379,1513.683836,283.319725
2239.819378,1508.053538,296.229789,1515.557624,284.410792
2241.686400,1509.397048,297.076212,1517.366447,285.565840
2243.548548,1510.711449,297.980066,1519.114048,286.782015
2245.413931,1512.004736,298.944831,1520.804854,288.056401
2247.290255,1513.284198,299.973855,1522.443996,289.386217
2249.184799,1514.556469,301.070179,1524.037260,290.768984
2251.104402,1515.827624,302.236423,1525.590991,292.202648
2253.055473,1517.103293,303.474722,1527.111980,293.685638
2255.044009,1518.388790,304.786704,1528.607334,295.216890
2257.075631,1519.689225,306.173516,1530.084361,296.795822
2259.155617,1521.009605,307.635868,1531.550478,298.422291
2261.288952,1522.308811,309.119411,1533.059221,300.151206
2265.677647,1525.086151,312.448360,1535.904555,303.562296
2274.214481,1530.493961,319.032106,1541.333724,310.172109
2286.439339,1538.225489,328.491236,1549.075368,319.643632
2301.891970,1547.988299,340.463437,1558.843811,331.622744
2320.112097,1559.492237,354.589154,1570.351094,345.752569
2340.639432,1572.447789,370.509612,1583.308619,361.675453
2363.013686,1586.565679,387.866331,1597.427546,379.033446
2386.774569,1601.556745,406.300960,1612.418928,397.468465
2411.461788,1617.131881,425.455227,1627.993757,416.622354
2436.615050,1633.002021,444.970904,1643.862985,436.136909
2461.774065,1648.878136,464.489807,1659.737530,455.653883
2486.478541,1664.471232,483.653800,1675.328272,474.814983
2510.268187,1679.492375,502.104815,1690.346033,493.261845
2532.682716,1693.652726,519.484902,1704.501539,510.635989
2553.261840,1706.663633,535.436337,1717.505329,526.578706
2571.545281,1718.236864,549.601906,1729.067523,540.730782
2587.072771,1728.085310,561.625743,1738.897117,552.731652
2599.384068,1735.925840,571.156719,1746.699129,562.216012
2608.019013,1741.499906,577.872345,1752.153994,568.789922
2612.517862,1744.346451,581.210085,1755.144656,572.299487
2615.544894,1745.808322,582.912528,1757.536023,575.266547
2618.489045,1747.033927,584.715797,1759.526264,578.395867
2621.364345,1748.031542,586.599981,1761.124605,581.642997
2624.179558,1748.806758,588.541182,1762.342956,584.967478
2626.938812,1749.364443,590.511291,1763.193951,588.333057
2629.642403,1749.710470,592.478400,1763.689217,591.707280
2632.287728,1749.853170,594.407573,1763.837926,595.060725
2634.870312,1749.804570,596.261873,1763.645552,598.365968
2637.384928,1749.581524,598.003716,1763.112741,601.596234
2639.826851,1749.206720,599.596837,1762.234309,604.723426
2642.193299,1748.709188,601.009329,1760.998726,607.715091
2644.485125,1748.123363,602.218189,1759.389058,610.529874
2646.708811,1747.484837,603.215109,1757.387216,613.111720
2648.878665,1746.820588,604.011282,1754.983723,615.385078
2651.018962,1746.133721,604.635730,1752.192974,617.256564
2653.165406,1745.389535,605.120971,1749.067173,618.629300
2655.365086,1744.516382,605.477836,1745.695470,619.428096
2657.674403,1743.428449,605.675294,1742.181177,619.619623
2660.155315,1742.057383,605.641953,1738.610151,619.210910
2662.871161,1739.807297,605.081946,1735.595779,618.433467
2666.671698,1736.155176,603.930007,1731.998907,617.298830
2673.813608,1729.324082,601.806280,1725.190155,615.182029
2683.959560,1719.623362,598.808167,1715.503773,612.188338
2696.772197,1707.372226,595.036196,1703.264156,608.419909
2711.914155,1692.891560,590.591423,1688.794020,603.978363
2729.048075,1676.502723,585.575050,1672.415607,598.965176
2747.836595,1658.527240,580.088332,1654.450994,593.481771
2767.942362,1639.286693,574.232543,1635.222202,587.629554
2789.028024,1619.102669,568.108958,1615.051247,581.509927
2810.756239,1598.296725,561.818845,1594.260172,575.224300
2832.789671,1577.190357,555.463454,1573.171084,568.874101
2854.790999,1556.104953,549.144008,1552.106197,562.560786
2876.422918,1535.361732,542.961680,1531.387894,556.385860
2897.348149,1515.281622,537.017567,1511.338850,550.450904
2917.229455,1496.185046,531.412631,1492.282243,544.857634
2935.729656,1478.391492,526.247591,1474.542187,539.708009
2952.511678,1462.218530,521.622689,1458.444715,535.104467
2967.238638,1447.979317,517.637116,1444.320271,531.150494
2979.574040,1435.974788,514.387383,1432.511523,527.952256
2989.182317,1426.603331,511.995043,1423.263685,525.590879
2993.732464,1422.173363,510.906887,1418.856074,524.508195
2998.874386,1417.167207,509.685920,1413.871248,523.292413
3004.579555,1411.611958,508.340257,1408.336876,521.951790
3010.819447,1405.534810,506.878038,1402.280525,520.494559
3017.565539,1398.963012,505.307418,1395.729710,518.928936
3024.789312,1391.923844,503.636559,1388.711911,517.263132
3032.462253,1384.444608,501.873630,1381.254593,515.505351
3040.555851,1376.552612,500.026802,1373.385206,513.663793
3049.041603,1368.275175,498.104247,1365.131197,511.746659
3057.891009,1359.639616,496.114141,1356.520008,509.762146
3067.075575,1350.673255,494.064658,1347.579082,507.718452
3076.566816,1341.403412,491.963973,1338.335861,505.623773
3086.336252,1331.857402,489.820262,1328.817794,503.486307
3096.355412,1322.062538,487.641700,1319.052330,501.314251
3106.595836,1312.046125,485.436461,1309.066926,499.115802
3117.029072,1301.835462,483.212720,1298.889047,496.899160
3127.626681,1291.457839,480.978649,1288.546164,494.672522
3138.360237,1280.940535,478.742422,1278.065762,492.444089
3149.201327,1270.310818,476.512210,1267.475335,490.222062
3160.121557,1259.584528,474.293869,1256.813806,488.016955
3170.047572,1249.835222,472.325491,1247.103747,486.056443
3179.993228,1240.062884,470.381521,1237.367037,484.119512
3189.938391,1230.287734,468.463334,1227.624107,482.207608
3199.862905,1220.530010,466.572312,1217.895367,480.322172
3209.746599,1210.809969,464.709845,1208.201207,478.464639
3219.569284,1201.147887,462.877324,1198.562002,476.636437
3229.310761,1191.564054,461.076148,1188.998108,474.838993
3238.950818,1182.078780,459.307718,1179.529865,473.073728
3248.469234,1172.712392,457.573441,1170.177595,471.342057
3257.845780,1163.485235,455.874727,1160.961600,469.645394
3267.060219,1154.417678,454.212992,1151.902161,467.985144
3276.092311,1145.530110,452.589657,1143.019537,466.362711
3284.921811,1136.842951,451.006149,1134.333955,464.779490
3293.528471,1128.376655,449.463901,1125.865613,463.236870
3301.892044,1120.151716,447.964358,1117.634663,461.736230
3309.992282,1112.188682,446.508975,1109.661206,460.278937
3317.808941,1104.508168,445.099222,1101.965276,458.866345
3325.321784,1097.130878,443.736589,1094.566817,457.499786
3332.510582,1090.077637,442.422596,1087.485653,456.180561
3339.355118,1083.345163,441.154209,1080.765715,454.914530
3353.545831,1069.330055,438.527340,1066.885283,452.312226
3368.670223,1054.381334,435.876400,1052.049999,449.680924
3384.611897,1038.613417,433.213661,1036.379742,447.034323
3401.254107,1022.141510,430.551632,1019.993599,444.385882
3418.479864,1005.081331,427.902970,1003.010145,441.748914
3436.172009,987.548936,425.280425,985.547618,439.136641
3454.213256,969.660606,422.696808,967.724030,436.562220
3472.486231,951.532776,420.164970,949.657240,434.038771
3490.873490,933.281976,417.697790,931.465014,431.579384
3509.257546,915.024789,415.308166,913.265060,429.197131
3527.520874,896.877817,413.009007,895.175070,426.905073
3545.545933,878.957643,410.813230,877.312756,424.716264
3563.215174,861.380794,408.733755,859.795884,422.643753
3580.411050,844.263688,406.783500,842.742330,420.700592
3597.016037,827.722567,404.975380,826.270146,418.899836
3612.912644,811.873388,403.322303,810.497667,417.254546
3627.983441,796.831658,401.837167,795.543683,415.777795
3642.111093,782.712138,400.532858,781.527724,414.482667
3655.178415,769.628318,399.422260,768.570593,413.382247
3667.068462,757.808931,398.526822,756.677854,412.481057
3669.783854,755.201632,398.316195,753.872122,412.252924
3674.183620,750.863136,397.902443,749.450854,411.831028
3680.077238,745.022464,397.310269,743.564419,411.234138
3687.273906,737.879597,396.562316,736.392220,410.483081
3695.582749,729.628111,395.680686,728.120070,409.599228
3704.812865,720.459497,394.687292,718.935863,408.604136
3714.773337,710.564402,393.603967,709.028337,407.519444
3725.273245,700.133084,392.452505,698.586623,406.366830
3736.121661,689.355605,391.254679,687.800046,405.167991
3747.127659,678.421921,390.032255,676.858033,403.944633
3758.100308,667.521946,388.806992,665.950060,402.718468
3768.848678,656.845583,387.600649,655.265608,401.511209
3779.181839,646.582770,386.434990,644.994128,400.344563
3788.908860,636.923536,385.331790,635.324975,399.240227
3797.838811,628.058122,384.312850,626.447296,398.219871
3805.780763,620.177252,383.400028,618.549753,397.305108
3812.543790,613.472950,382.615345,611.819707,396.517388
3817.936972,608.141693,381.981390,606.440071,395.877594
3821.769413,604.405252,381.524188,602.568458,395.403172
3823.850315,602.588578,381.288231,600.259304,395.093103
3825.007424,601.712376,381.145650,598.853541,394.850651
3826.187961,600.846078,380.971377,597.408517,394.542787
3827.381283,600.008902,380.767437,595.932114,394.160711
3828.577493,599.220206,380.537863,594.432070,393.693613
3829.767665,598.499190,380.289358,592.916287,393.128019
3830.944137,597.864134,380.032042,591.393582,392.447031
3832.100912,597.330889,379.780101,589.875204,391.629689
3833.234175,596.910279,379.551817,588.377429,390.650937
3834.342943,596.604295,379.367970,586.925362,389.483219
3835.429847,596.401818,379.247119,585.557225,388.101203
3836.501959,596.276371,379.196678,584.326591,386.490699
3837.571484,596.190273,379.201527,583.298241,384.660053
3838.656027,596.108024,379.216931,582.534774,382.647223
3839.778145,596.014338,379.174368,582.078575,380.513960
3840.964089,595.924859,379.000732,581.941100,378.326592
3842.242048,595.881652,378.639134,582.107382,376.135235
3843.640436,595.938544,378.058627,582.550693,373.964061
3845.186635,596.147372,377.251309,583.246295,371.814197
3846.906352,596.551027,376.223617,584.178397,369.672431
3848.823451,597.212155,374.940680,585.311451,367.566859
3851.195085,598.324958,373.136129,586.696935,365.339394
3854.224234,599.927975,370.742571,588.467841,362.701095
3857.850196,601.954893,367.852801,590.606365,359.654576
3862.010837,604.352413,364.533464,593.081684,356.228605
3866.643405,607.072616,360.841547,595.857599,352.461607
3871.684840,610.070124,356.829797,598.895366,348.396246
3877.071917,613.300886,352.548853,602.154916,344.077292
3882.741312,616.721611,348.048198,605.595422,339.550674
3888.629639,620.289471,343.376628,609.175592,334.863010
3894.673480,623.961948,338.582486,612.853821,330.061364
3900.809392,627.696757,333.713793,616.588279,325.193129
3906.973927,631.451799,328.818302,620.336941,320.305962
3913.103635,635.185157,323.943513,624.057605,315.447775
3919.135076,638.855118,319.136640,627.707865,310.666766
3925.004833,642.420218,314.444527,631.245065,306.011499
3930.649521,645.839352,309.913491,634.626189,301.531071
3936.005811,649.071958,305.589015,637.807680,297.275409
3941.010464,652.078363,301.515163,640.745090,293.295861
3945.600380,654.820467,297.733378,643.392401,289.646394
3949.712698,657.184014,294.393295,645.779747,286.272785
3953.703244,659.509758,291.127027,648.083329,283.037731
3957.884574,661.935929,287.699932,650.489160,279.639444
3962.226953,664.445615,284.135872,652.979717,276.102617
3966.700646,667.021835,280.458789,655.537540,272.451857
3971.275912,669.647572,276.692679,658.145210,268.711723
3975.923015,672.305785,272.861561,660.785329,264.906746
3980.612216,674.979424,268.989465,663.440508,261.061451
3985.313780,677.651441,265.100412,666.093357,257.200368
3989.997973,680.304800,261.218400,668.726474,253.348053
3994.635066,682.922490,257.367382,671.322431,249.529102
3999.195335,685.487539,253.571247,673.863763,245.768182
4003.649062,687.983033,249.853782,676.332944,242.090057
4007.966541,690.392144,246.238626,678.712364,238.519640
4012.118076,692.698173,242.749194,680.984284,235.082070
4016.073992,694.884616,239.408557,683.130771,231.802827
4019.804638,696.935267,236.239237,685.133590,228.707941
4023.280403,698.834410,233.262846,686.974019,225.824355
4026.471730,700.567152,230.499387,688.632514,223.180615
4029.349158,702.120083,227.965828,690.088047,220.808307
4031.883382,703.588209,225.480503,691.211171,218.937650
4034.260862,704.940325,222.875091,692.081271,217.339324
4036.683219,706.089241,220.155470,692.848012,215.609058
4039.140717,707.036049,217.340005,693.497318,213.775910
4041.622443,707.778935,214.446138,694.018019,211.869861
4044.116940,708.313392,211.490808,694.401636,209.921394
4046.612799,708.632293,208.490744,694.642311,207.961206
4049.099221,708.725804,205.462776,694.736893,206.019888
4051.566623,708.581171,202.424317,694.685153,204.127451
4054.007291,708.182474,199.394166,694.490023,202.312521
4056.416130,707.510554,196.393808,694.157680,200.601034
4058.791521,706.543481,193.449310,693.697066,199.014348
4061.136277,705.258121,190.593677,693.118333,197.566880
4063.458653,703.633395,187.869031,692.429572,196.263931
4065.773278,701.655348,185.327238,691.631756,195.101061
4068.101802,699.322856,183.027240,690.713022,194.066749
4070.473013,696.651203,181.028311,689.645103,193.149143
4072.922213,693.670412,179.381080,688.384989,192.345041
4075.489835,690.417779,178.120577,686.882399,191.666834
4078.219568,686.927906,177.264972,685.089749,191.143775
4081.156397,683.515782,176.831290,682.679062,190.806264
4084.377578,680.144549,176.631187,679.619449,190.621336
4087.794414,676.598872,176.499337,676.336263,190.496874
4091.376022,672.904674,176.430946,672.868506,190.430899
4095.091095,669.089735,176.421802,669.253323,190.420847
4098.908039,665.183023,176.468034,665.526669,190.463816
4102.795051,661.214277,176.565973,661.723732,190.556700
4106.720189,657.213721,176.712084,657.879211,190.696258
4110.651406,653.211868,176.902931,654.027520,190.879151
4114.556584,649.239353,177.135160,650.202946,191.101960
4118.403560,645.326786,177.405497,646.439805,191.361184
4122.160152,641.504591,177.710765,642.772598,191.653224
4125.794173,637.802790,178.047923,639.236228,191.974346
4129.273467,634.250700,178.414140,635.866303,192.320608
4132.565931,630.876435,178.806937,632.699632,192.687713
4135.639571,627.706036,179.224469,629.775101,193.070731
4138.462572,624.761828,179.666143,627.135308,193.463483
4141.003426,622.059033,180.134051,624.829956,193.857097
4143.231180,619.598072,180.636844,622.923551,194.236152
4145.115955,617.344742,181.201998,621.515217,194.566396
4146.630220,615.529038,181.780064,620.439887,194.890502
4147.961658,614.130448,182.305963,619.344801,195.298673
4149.311851,612.688926,182.887700,618.280227,195.722705
4150.679867,611.212204,183.535666,617.248594,196.167451
4152.065510,609.708614,184.260559,616.251734,196.637456
4153.469472,608.187325,185.073113,615.290639,197.137230
4154.893455,606.658520,185.983748,614.365287,197.671594
4156.340288,605.133469,187.002163,613.474572,198.246094
4157.814016,603.624427,188.136898,612.616401,198.867434
4159.319951,602.144346,189.394951,611.787982,199.543857
4160.864685,600.706396,190.781534,610.986310,200.285394
4162.456047,599.323350,192.300049,610.208772,201.103888
4164.103019,598.006962,193.952328,609.453778,202.012751
4165.815601,596.767446,195.739105,608.721275,203.026490
4167.604646,595.613168,197.660644,608.013058,204.160085
4169.481676,594.550605,199.717379,607.332814,205.428345
4171.458697,593.584529,201.910463,606.685933,206.845360
4173.548025,592.718360,204.242136,606.079157,208.424134
4175.762135,591.954585,206.715898,605.520161,210.176410
4178.113536,591.295161,209.336512,605.017149,212.112669
4180.614678,590.778384,211.895130,604.541989,214.457000
4183.145058,590.338222,214.265467,604.056078,217.061970
4185.579013,589.878764,216.525138,603.543170,219.572106
4187.921842,589.399934,218.678634,603.002211,221.991949
4190.178915,588.901668,220.730576,602.432136,224.325911
4192.355670,588.383896,222.685740,601.831884,226.578248
4194.457615,587.846521,224.549081,601.200424,228.753040
4196.490322,587.289388,226.325753,600.536784,230.854165
4198.459423,586.712252,228.021118,599.840077,232.885293
4200.370597,586.114739,229.640757,599.109549,234.849877
4202.229563,585.496316,231.190455,598.344604,236.751166
4204.042060,584.856250,232.676182,597.544846,238.592223
4205.813831,584.193585,234.104053,596.710100,240.375963
4207.550602,583.507129,235.480282,595.840432,242.105208
4209.258059,582.795450,236.811116,594.936143,243.782744
4210.941825,582.056896,238.102771,593.997756,245.411387
4212.607434,581.289628,239.361361,593.025981,246.994055
4214.260313,580.491670,240.592843,592.021665,248.533825
4215.905757,579.660967,241.802965,590.985733,250.033984
4217.548915,578.795455,242.997232,589.919122,251.498057
4219.194778,577.954220,244.105636,588.761615,253.005086
4221.088645,576.743457,245.575986,587.564610,254.458703
4223.372700,575.293599,247.342240,586.116094,256.223321
4226.003374,573.628100,249.371823,584.443990,258.260946
4228.937095,571.771659,251.630668,582.574972,260.535073
4232.130297,569.749539,254.084037,580.535154,263.009871
4235.539424,567.587306,256.696827,578.350344,265.649872
4239.120932,565.310732,259.433696,576.046146,268.419846
4242.831296,562.945755,262.259119,573.647997,271.284750
4246.627012,560.518483,265.137388,571.181165,274.209721
4250.464609,558.055228,268.032589,568.670712,277.160102
4254.300654,555.582567,270.908548,566.141436,280.101496
4258.091769,553.127461,273.728737,563.617754,282.999862
4261.794650,550.717438,276.456114,561.123510,285.821671
4265.366096,548.380932,279.052860,558.681647,288.534172
4268.763060,546.147878,281.479933,556.313605,291.105836
4271.942724,544.050866,283.696262,554.038168,293.507164
4274.862636,542.127538,285.657229,551.869072,295.712203
4277.480960,540.426068,287.311637,549.809515,297.701580
4279.756985,539.019471,288.595286,547.837860,299.468925
4281.652277,537.916324,289.509624,545.996904,300.942219
4283.354718,536.835648,290.285566,544.297106,302.131521
4285.074484,535.673495,291.027401,542.548935,303.222823
4286.809778,534.437943,291.732007,540.761252,304.222634
4288.557848,533.137780,292.396841,538.942202,305.136883
4290.315123,531.782274,293.019947,537.099458,305.970914
4292.077344,530.380986,293.599925,535.240393,306.729516
4293.839670,528.943662,294.135867,533.372200,307.416983
4295.596768,527.480142,294.627298,531.501974,308.037177
4297.342888,526.000323,295.074111,529.636755,308.593592
4299.071929,524.514137,295.476514,527.783550,309.089410
4300.777493,523.031549,295.834975,525.949329,309.527548
4302.452929,521.562575,296.150188,524.141013,309.910699
4304.091373,520.117322,296.423042,522.365433,310.241363
4305.685784,518.706040,296.654597,520.629275,310.521867
4307.228970,517.339209,296.846078,518.938996,310.754373
4308.713616,516.027668,296.998876,517.300694,310.940877
4310.132313,514.782804,297.114579,515.719919,311.083180
4311.477579,513.616854,297.195031,514.201372,311.182824
4312.741892,512.543392,297.242465,512.748412,311.240963
4313.917721,511.471044,297.258933,511.469355,311.258933
4315.087496,510.305983,297.258794,510.294866,311.258790
4316.331793,509.070471,297.257819,509.041783,311.257789
4317.640454,507.774292,297.255174,507.720647,311.255071
4319.003319,506.427450,297.250031,506.341778,311.249769
4320.410237,505.040122,297.241569,504.915323,311.241012
4321.851060,503.622629,297.228971,503.451285,311.227922
4323.315647,502.185433,297.211433,501.959527,311.209610
4324.793866,500.739144,297.188165,500.449763,311.185173
4326.275596,499.294544,297.158395,498.931535,311.153688
4327.750731,497.862627,297.121384,497.414174,311.114200
4329.209182,496.454659,297.076438,495.906737,311.065712
4330.640882,495.082277,297.022928,494.417913,311.007156
4332.035796,493.757625,296.960335,492.955881,310.937359
4333.383927,492.493578,296.888308,491.528090,310.854977
4334.675335,491.304086,296.806785,490.140915,310.758381
4335.900155,490.204744,296.716193,488.799086,310.645448
4337.048635,489.213748,296.617860,487.504730,310.513156
4338.111186,488.353605,296.514842,486.255664,310.356758
4339.078478,487.654315,296.413768,485.042215,310.167929
4339.941609,487.318873,296.370165,483.681709,309.889449
4340.756155,487.209345,296.378173,482.218081,309.458206
4341.585668,487.072780,296.363251,480.804638,308.881654
4342.432824,486.911413,296.319854,479.451000,308.166467
4343.300332,486.728034,296.242476,478.166232,307.319278
4344.191024,486.525857,296.125522,476.958976,306.346813
4345.107937,486.308516,295.963176,475.837456,305.256017
4346.054370,486.080151,295.749323,474.809386,304.054133
4347.033931,485.845551,295.477559,473.881832,302.748696
4348.050569,485.610310,295.141285,473.061057,301.347432
4349.108577,485.380939,294.733891,472.352406,299.858082
4350.212596,485.164917,294.248980,471.760256,298.288171
4351.367597,484.970658,293.680616,471.288048,296.644765
4352.578852,484.807402,293.023545,470.938399,294.934245
4353.851904,484.685036,292.273369,470.713276,293.162141
4355.192529,484.613892,291.426643,470.614205,291.333026
4356.606697,484.604519,290.480907,470.642490,289.450488
4358.100537,484.667487,289.434650,470.799420,287.517169
4359.680300,484.813212,288.287218,471.086433,285.534850
4361.352328,485.051830,287.038703,471.505248,283.504570
4363.123031,485.212485,286.188765,472.238579,280.927798
4365.956740,486.066886,284.031558,473.513899,277.832967
4370.704186,488.077239,279.953797,475.707472,273.397208
4377.162183,491.051513,274.340781,478.782116,267.598237
4385.119549,494.852807,267.422967,482.645521,260.568611
4394.363140,499.357855,259.399432,487.191739,252.472266
4404.679098,504.448030,250.459488,492.310185,243.482905
4415.853240,510.006635,240.788583,497.888342,233.778094
4427.671224,515.917909,230.570363,503.812760,223.537201
4439.918612,522.066599,219.987515,509.969478,212.940554
4452.380920,528.337774,209.222139,516.244216,202.169065
4464.843631,534.616738,198.455908,522.522455,191.404078
4477.092221,540.789021,187.870094,528.689454,180.827333
4488.912164,546.740420,177.645487,534.630203,170.621056
4500.088956,552.357139,167.962143,540.229286,160.968204
4510.408133,557.526101,158.998784,545.370566,152.053068
4519.655314,562.135719,150.931315,549.936418,144.062759
4527.616289,566.078003,143.928566,553.805618,137.191461
4534.077227,569.255804,138.136709,556.846105,131.656016
4538.825353,571.618787,133.590082,558.879000,127.785099
4541.652197,573.075068,130.288602,559.766973,125.941808
4543.554014,573.780757,128.089865,560.242257,124.524893
4545.641225,574.385286,125.766494,560.700706,122.811450
4547.894445,574.908884,123.320978,561.128303,120.852055
4550.291990,575.364168,120.763537,561.518641,118.689559
4552.810728,575.759775,118.109453,561.869292,116.361749
4555.426582,576.102167,115.377333,562.180005,113.903086
4558.114830,576.396558,112.588012,562.451777,111.345806
4560.850295,576.647422,109.763844,562.686344,108.720621
4563.607478,576.858775,106.928246,562.885899,106.057185
4566.360635,577.034346,104.105396,563.052924,103.384388
4569.083844,577.177674,101.320028,563.190089,100.730565
4571.751042,577.292175,98.597299,563.300190,98.123630
4574.336057,577.381178,95.962698,563.386108,95.591160
4576.812633,577.447952,93.441996,563.450783,93.160455
4579.154445,577.495728,91.061223,563.497195,90.858552
4581.335111,577.527707,88.846701,563.528353,88.712199
4583.328205,577.547071,86.825136,563.547285,86.747759
4585.107265,577.556992,85.023897,563.557030,84.990933
4586.645798,577.560633,83.471735,563.560634,83.466037
4587.917289,577.523796,81.475193,563.598506,82.919598
4589.324066,577.253248,79.297396,563.578774,82.298855
4591.271646,576.735268,76.994369,563.261672,80.797291
4593.712867,575.998860,74.402210,562.671827,78.690589
4596.591933,575.062305,71.498561,561.844592,76.112894
4599.850010,573.946256,68.305028,560.812948,73.154382
4603.426926,572.673586,64.860190,559.607656,69.888256
4607.261837,571.268563,61.210249,558.258081,66.380101
4611.293520,569.756287,57.405211,556.792756,62.691690
4615.460525,568.162369,53.497139,555.239705,58.882747
4619.701260,566.512721,49.539255,553.626648,55.011833
4623.954036,564.833436,45.585442,551.981126,51.136849
4628.157102,563.150685,41.689924,550.330601,47.315352
4632.248661,561.490635,37.907027,548.702541,43.604801
4636.166890,559.879342,34.290927,547.124522,40.062804
4639.849948,558.342583,30.895299,545.624402,36.747468
4643.235992,556.905527,27.772679,544.230644,33.718042
4646.263192,555.591968,24.973029,542.973087,31.036348
4648.869764,554.422174,22.539904,541.885099,28.770614
4650.994034,553.405117,20.497419,541.011339,27.008507
4652.574648,552.518443,18.824661,540.427796,25.882725
4653.834093,551.689684,17.424162,539.986665,25.107868
4655.040362,550.812933,16.107182,539.539327,24.408134
4656.200735,549.892119,14.873905,539.084112,23.772612
4657.322243,548.932540,13.724329,538.617981,23.190578
4658.411581,547.940676,12.657825,538.136711,22.651936
4659.475016,546.923838,11.672757,537.635251,22.147591
4660.518320,545.889709,10.766261,537.108174,21.669685
4661.546711,544.845871,9.934182,536.550157,21.211643
4662.564822,543.799388,9.171192,535.956396,20.768066
4663.576701,542.756500,8.471030,535.322908,20.334491
4664.585829,541.722463,7.826796,534.646695,19.907090
4665.595164,540.701508,7.231261,533.925784,19.482365
4666.607200,539.696893,6.677132,533.159176,19.056884
4667.624042,538.711005,6.157258,532.346742,18.627068
4668.647485,537.745488,5.664777,531.489096,18.189055
4669.679099,536.801360,5.193191,530.587478,17.738615
4670.720314,535.879103,4.736398,529.643666,17.271123
4671.772507,534.978734,4.288681,528.659900,16.781572
4672.837081,534.099843,3.844653,527.638847,16.264618
4673.915542,533.231341,3.393652,526.593856,15.720200
4675.257965,531.933248,2.696065,525.528028,15.144886
4677.172273,530.172337,1.790382,523.884529,14.298917
4679.597479,527.970120,0.683493,521.753065,13.227345
4682.472364,525.370643,-0.604819,519.200808,11.962326
4685.735632,522.424518,-2.051190,516.288366,10.532435
4689.325954,519.184842,-3.630938,513.073861,8.964931
4693.181983,515.705824,-5.318800,509.614303,7.286491
4697.242363,512.042237,-7.089227,505.966138,5.523505
4701.445732,508.249158,-8.916514,502.185507,3.702208
4705.730725,504.381848,-10.774863,498.328368,1.848742
4710.035975,500.495682,-12.638420,494.450567,-0.010808
4714.300113,496.646112,-14.481292,490.607869,-1.850393
4718.461768,492.888647,-16.277560,486.855984,-3.643995
4722.459569,489.278845,-18.001279,483.250574,-5.365617
4726.232145,485.872316,-19.626479,479.847247,-6.989290
4729.718123,482.724738,-21.127159,476.701545,-8.489075
4732.856131,479.891910,-22.477258,473.868886,-9.839094
4735.584796,477.429901,-23.650588,471.404423,-11.013594
4737.842744,475.395523,-24.620604,469.362561,-11.987181
4739.568605,473.667040,-25.443214,467.976254,-12.652008
4741.093723,471.962895,-26.192529,466.893526,-13.142567
4742.787865,470.110789,-26.905528,465.587278,-13.656458
4744.646254,468.106132,-27.584924,464.074517,-14.177983
4746.663747,465.947609,-28.229884,462.368982,-14.694987
4748.835020,463.636044,-28.837523,460.482266,-15.197374
4751.154685,461.173702,-29.403708,458.424527,-15.676289
4753.617364,458.563836,-29.923514,456.204930,-16.123675
4756.217754,455.810396,-30.391492,453.831948,-16.531992
4758.950662,452.917833,-30.801839,451.313550,-16.894062
4761.811045,449.890966,-31.148498,448.657334,-17.202956
4764.794038,446.734898,-31.425226,445.870621,-17.451929
4767.894983,443.454947,-31.625645,442.960513,-17.634379
4771.109447,440.056603,-31.743267,439.933940,-17.743805
4774.433252,436.545499,-31.771522,436.797688,-17.773794
4777.862495,432.927388,-31.703771,433.558425,-17.718000
4781.393569,429.208130,-31.533320,430.222714,-17.570132
4785.023187,425.393675,-31.253430,426.797021,-17.323943
4788.748401,421.490068,-30.857328,423.287725,-16.973221
4792.566628,417.503431,-30.338214,419.701122,-16.511784
4796.475669,413.542857,-29.707943,415.940541,-15.914788
4800.573451,409.472786,-29.000356,411.936135,-15.218777
4804.942218,405.094937,-28.217402,407.712769,-14.464331
4809.557392,400.445416,-27.331375,403.294746,-13.624394
4814.395383,395.558368,-26.313755,398.708329,-12.672723
4819.434067,390.466713,-25.135421,393.981006,-11.583678
4824.653217,385.202658,-23.766755,389.140979,-10.332112
4830.034934,379.798088,-22.177709,384.216770,-8.893311
4835.564086,374.284890,-20.337870,379.236902,-7.242926
4841.228763,368.695247,-18.216548,374.229600,-5.356884
4847.020743,363.061904,-15.782915,369.222525,-3.211250
4852.935979,357.418405,-13.006218,364.242543,-0.782015
4858.975060,351.799264,-9.856059,359.315549,1.955185
4865.143646,346.240046,-6.302745,354.466385,5.025421
4871.452835,340.777308,-2.317686,349.718903,8.454865
4877.919413,335.448362,2.126243,345.096199,12.271154
4884.565968,330.290869,7.054432,340.621020,16.503663
4891.420811,325.342290,12.490443,336.316313,21.183590
4898.517715,320.639283,18.456163,332.205830,26.343812
4905.895454,316.217162,24.972187,328.314664,32.018495
4913.597181,312.310201,31.680413,324.468948,38.620506
4918.567033,309.984736,35.765011,321.867093,43.168362
4924.937279,306.701842,41.037473,318.412677,48.709262
4932.543467,302.592099,47.312359,314.186268,55.159349
4941.217742,297.772472,54.434221,309.282046,62.404774
4950.790828,292.354430,62.258334,303.799690,70.320966
4961.092751,286.446896,70.644577,297.841422,78.778750
4971.953155,280.157493,79.455063,291.510767,87.646715
4983.201457,273.593125,88.553096,284.911966,96.792260
4994.666930,266.860279,97.802655,278.149681,106.082111
5006.178753,260.065188,107.068117,271.328824,115.382592
5017.566041,253.313936,116.214097,264.554458,124.559795
5028.657863,246.712527,125.105338,257.931727,133.479677
5039.283253,240.366942,133.606626,251.565794,142.008156
5049.271223,234.383211,141.582698,245.561778,150.011200
5058.450769,228.867525,148.898088,240.024632,157.354976
5066.650874,223.926482,155.416818,235.058909,163.906168
5073.700518,219.667737,161.001563,230.768096,169.532801
5079.428691,216.202315,165.510771,227.252317,174.107134
5083.664422,213.657115,168.783381,224.595820,177.520928
5086.236921,212.167936,170.651563,222.873951,179.672719
5087.925335,211.190104,171.815171,221.675863,181.091423
5089.620571,210.213014,172.924728,220.406461,182.521271
5091.320999,209.232890,173.973149,219.055410,183.949025
5093.026094,208.246250,174.954481,217.612075,185.360312
5094.736694,207.249424,175.864217,216.066014,186.739315
5096.455244,206.237894,176.699506,214.407631,188.068561
5098.186028,205.205500,177.459139,212.628971,189.328936
5099.935356,204.143620,178.143195,210.724541,190.500034
5101.711679,203.040532,178.752280,208.691951,191.560928
5103.525620,201.881190,179.286405,206.532132,192.491280
5105.389879,200.647618,179.743731,204.248945,193.272605
5107.319034,199.319942,180.119505,201.848151,193.889333
5109.329230,197.877830,180.405504,199.335969,194.329363
5111.437816,196.301984,180.590133,196.717581,194.583964
5113.662940,194.575305,180.659098,193.995971,194.647106
5116.023189,192.683507,180.596387,191.171314,194.514479
5118.537267,190.615178,180.385276,188.240906,194.182480
5121.223748,188.361438,180.009144,185.199513,193.647407
5124.100910,185.915386,179.452008,182.039923,192.904918
5127.186627,183.287307,178.704207,178.737736,191.944351
5131.889158,179.063052,177.256923,174.067391,190.335278
5139.432587,172.109819,174.601704,166.926962,187.607010
5149.497370,162.812014,170.896596,157.525397,183.860071
5161.761214,151.489466,166.279263,146.136225,179.215368
5175.901097,138.447616,160.882313,133.047361,173.798862
5191.593715,123.987208,154.836618,118.551414,167.738252
5208.515639,108.407086,148.272325,102.942899,161.161959
5226.343372,92.005209,141.319237,86.517212,154.198752
5244.753378,75.079091,134.106982,69.570195,146.977571
5263.422100,57.926018,126.765098,52.397918,139.627450
5282.025966,40.843173,119.423083,35.296553,132.277460
5300.241394,24.127724,112.210433,18.562289,125.056675
5317.744802,8.076923,105.256683,2.491230,118.094129
5334.212607,-7.011753,98.691471,-12.620745,111.518755
5349.321230,-20.840327,92.644665,-26.478258,105.459256
5362.747111,-33.109651,87.246667,-38.787100,100.043798
5374.166719,-43.517460,82.629328,-49.256181,95.399100
5383.256607,-51.750759,78.929609,-57.605138,91.646773
5389.693568,-57.435178,76.315326,-63.614989,88.877569
5393.155567,-60.019790,75.072002,-67.243301,87.064536
5394.991069,-61.138880,74.422444,-69.268828,85.819985
5396.762892,-62.144644,73.731796,-71.147982,84.452799
5398.476960,-63.041983,73.007648,-72.875862,82.972328
5400.138694,-63.835536,72.257142,-74.447829,81.388365
5401.753017,-64.529636,71.487096,-75.859550,79.711029
5403.324388,-65.128327,70.704131,-77.106981,77.950637
5404.856845,-65.635425,69.914759,-78.186306,76.117613
5406.354070,-66.054633,69.125429,-79.093821,74.222444
5407.819471,-66.389668,68.342505,-79.825811,72.275705
5409.256285,-66.644392,67.572157,-80.378412,70.288162
5410.667691,-66.822902,66.820179,-80.747529,68.270957
5412.056939,-66.929550,66.091713,-80.928808,66.235887
5413.427489,-66.968849,65.390924,-80.917737,64.195721
5414.783156,-66.945217,64.720649,-80.709897,62.164561
5416.128254,-66.862551,64.082098,-80.301394,60.158133
5417.467737,-66.723605,63.474698,-79.689471,58.193947
5418.807315,-66.529258,62.896190,-78.873249,56.291200
5420.153551,-66.277770,62.343070,-77.854471,54.470332
5421.513912,-65.964214,61.811406,-76.638060,52.752211
5422.896778,-66.035036,61.694846,-74.777572,50.760128
5424.355198,-64.898855,60.786444,-73.635553,49.847060
5425.831780,-63.747650,59.867038,-72.479199,48.923544
5427.316476,-62.589384,58.942884,-71.316358,47.995742
5428.799232,-61.432005,58.020230,-70.154888,47.069828
5430.269999,-60.283453,57.105315,-69.002656,46.151982
5431.718723,-59.151663,56.204374,-67.867537,45.248392
5433.135356,-58.044562,55.323635,-66.757410,44.365247
5434.509843,-56.970073,54.469325,-65.680160,43.508742
5435.832135,-55.936117,53.647667,-64.643674,42.685074
5437.092180,-54.950612,52.864884,-63.655842,41.900442
5438.279926,-54.021474,52.127193,-62.724556,41.161047
5439.385321,-53.156616,51.440814,-61.857711,40.473091
5440.398314,-52.363951,50.811963,-61.063201,39.842777
5441.308853,-51.651389,50.246857,-60.348923,39.276311
5442.106887,-51.026841,49.751711,-59.722775,38.779896
5442.782365,-50.498216,49.332739,-59.192656,38.359739
5443.325233,-50.073421,48.996153,-58.766466,38.022048
5443.725441,-49.760360,48.748164,-58.452109,37.773033
5443.972937,-49.566894,48.594949,-58.257532,37.618938
5444.057670,-49.474736,48.521881,-58.216830,37.586809
5448.850927,-45.730651,45.528655,-54.473112,34.593877
5462.584884,-35.003445,36.952150,-43.746351,26.017728
5484.290816,-18.050205,23.396738,-26.793617,12.462719
