s_m,x_m,y_m,z_m,yaw_rad,curvature_1pm
0.000000,0.000000,0.000000,0.000000,-0.674581,-0.000001
34.743713,27.133756,-21.699882,0.000000,-0.674640,-0.000001
74.553230,58.222277,-46.565552,0.000000,-0.674708,-0.000002
118.459830,92.508484,-73.992645,0.000000,-0.674786,-0.000002
165.494787,129.235298,-103.376797,0.000000,-0.674877,-0.000002
214.689381,167.645640,-134.113642,0.000000,-0.674985,-0.000002
265.074887,206.982430,-165.598816,0.000000,-0.675115,-0.000003
315.682583,246.488589,-197.227954,0.000000,-0.675273,-0.000003
365.543748,285.407038,-228.396690,0.000000,-0.675471,-0.000004
413.689660,322.980697,-258.500660,0.000000,-0.675727,-0.000006
459.151600,358.452487,-286.935499,0.000000,-0.676068,-0.000008
500.960849,391.065329,-313.096841,0.000000,-0.676547,-0.000013
538.148693,420.062143,-336.380323,0.000000,-0.677269,-0.000023
569.746425,444.685851,-356.181578,0.000000,-0.678479,-0.000048
594.785356,464.179372,-371.896243,0.000000,-0.680926,-0.000140
612.296849,477.785628,-382.919952,0.000000,-0.688500,-0.000840
621.312537,484.747540,-388.648339,0.000000,-0.692523,-0.000877
625.897189,488.276060,-391.575553,0.000000,-0.669853,0.004691
630.729637,492.064279,-394.575877,0.000000,-0.648069,0.004327
635.764492,496.078324,-397.615156,0.000000,-0.626487,0.004157
640.956488,500.284320,-400.659234,0.000000,-0.604528,0.004140
646.260607,504.648394,-403.673955,0.000000,-0.581655,0.004258
651.632223,509.136671,-406.625162,0.000000,-0.557327,0.004509
657.027251,513.715279,-409.478700,0.000000,-0.530955,0.004906
662.402336,518.350343,-412.200412,0.000000,-0.501858,0.005477
667.715097,523.007990,-414.756143,0.000000,-0.469213,0.006267
672.924458,527.654345,-417.111736,0.000000,-0.431991,0.007347
677.991100,532.255536,-419.233035,0.000000,-0.388864,0.008825
682.878114,536.777687,-421.085884,0.000000,-0.338090,0.010863
687.551939,541.186926,-422.636128,0.000000,-0.277353,0.013705
691.983760,545.449379,-423.849610,0.000000,-0.203561,0.017705
696.151606,549.531171,-424.692173,0.000000,-0.112648,0.023359
700.043531,553.398429,-425.129663,0.000000,0.000481,0.031261
703.662382,557.017279,-425.127922,0.000000,0.141449,0.041827
707.032610,560.353848,-424.652795,0.000000,0.314542,0.054496
710.208855,563.374261,-423.670126,0.000000,0.518704,0.066398
713.283697,566.044645,-422.145758,0.000000,0.939179,0.124801
716.652872,568.033978,-419.426586,0.000000,1.358879,0.092761
721.177394,568.985643,-415.003280,0.000000,1.568929,0.035327
727.123337,568.996746,-409.057347,0.000000,1.684527,0.015761
734.457773,568.164392,-401.770294,0.000000,1.755567,0.008267
743.050705,566.585685,-393.323629,0.000000,1.802928,0.004890
752.735234,564.357730,-383.898857,0.000000,1.836361,0.003156
763.327937,561.577633,-373.677487,0.000000,1.860915,0.002171
774.637004,558.342497,-362.841025,0.000000,1.879425,0.001565
786.465956,554.749429,-351.570979,0.000000,1.893577,0.001165
798.615518,550.895532,-340.048855,0.000000,1.904408,0.000883
810.884659,546.877912,-328.456160,0.000000,1.912554,0.000668
823.071200,542.793673,-316.974403,0.000000,1.918376,0.000489
834.972193,538.739921,-305.785089,0.000000,1.922010,0.000318
846.384193,534.813760,-295.069726,0.000000,1.923365,0.000126
857.103453,531.112295,-285.009820,0.000000,1.922042,-0.000135
866.926119,527.732632,-275.786880,0.000000,1.917123,-0.000564
875.648468,524.771874,-267.582412,0.000000,1.906603,-0.001418
883.067340,522.327127,-260.577923,0.000000,1.885696,-0.003535
888.981140,520.495496,-254.954920,0.000000,1.840286,-0.010781
893.193175,519.374085,-250.894911,0.000000,1.778672,-0.017314
896.751873,518.639635,-247.412826,0.000000,1.745681,-0.008157
900.796132,517.935954,-243.430256,0.000000,1.710640,-0.007812
905.281479,517.310747,-238.988696,0.000000,1.673138,-0.007678
910.166092,516.811720,-234.129641,0.000000,1.632825,-0.007686
915.411233,516.486579,-228.894588,0.000000,1.589386,-0.007798
920.981753,516.383029,-223.325030,0.000000,1.542532,-0.007989
926.846661,516.548775,-217.462464,0.000000,1.492003,-0.008239
932.979768,517.031524,-211.348386,0.000000,1.437586,-0.008529
939.360393,517.878980,-205.024290,0.000000,1.379132,-0.008838
945.974119,519.138850,-198.531671,0.000000,1.316587,-0.009145
952.813568,520.858839,-191.912026,0.000000,1.250019,-0.009421
959.879156,523.086653,-185.206850,0.000000,1.179650,-0.009639
967.179764,525.869996,-178.457638,0.000000,1.105881,-0.009766
974.733245,529.256576,-171.705885,0.000000,1.029299,-0.009776
982.566714,533.294097,-164.993087,0.000000,0.950669,-0.009648
990.716519,538.030265,-158.360739,0.000000,0.870897,-0.009372
999.227886,543.512786,-151.850337,0.000000,0.790974,-0.008954
1008.154216,549.789364,-145.503376,0.000000,0.711904,-0.008410
1017.556091,556.907707,-139.361352,0.000000,0.634630,-0.007771
1027.500088,564.915519,-133.465759,0.000000,0.592650,-0.004119
1037.691942,573.369289,-127.772986,0.000000,0.583925,-0.000865
1047.773223,581.780152,-122.215143,0.000000,0.575690,-0.000828
1057.724899,590.127784,-116.797312,0.000000,0.567915,-0.000793
1067.527793,598.391860,-111.524573,0.000000,0.560574,-0.000762
1077.162599,606.552057,-106.402009,0.000000,0.553646,-0.000733
1086.609892,614.588050,-101.434699,0.000000,0.547110,-0.000707
1095.850141,622.479515,-96.627726,0.000000,0.540951,-0.000683
1104.863719,630.206127,-91.986169,0.000000,0.535157,-0.000661
1113.630909,637.747563,-87.515111,0.000000,0.529719,-0.000640
1122.131914,645.083498,-83.219631,0.000000,0.524631,-0.000619
1130.346863,652.193607,-79.104812,0.000000,0.519894,-0.000599
1138.255820,659.057567,-75.175734,0.000000,0.515512,-0.000578
1145.838786,665.655053,-71.437479,0.000000,0.511497,-0.000555
1153.075708,671.965740,-67.895127,0.000000,0.507869,-0.000528
1159.946482,677.969306,-64.553759,0.000000,0.504659,-0.000495
1166.430959,683.645425,-61.418458,0.000000,0.501915,-0.000451
1172.508949,688.973772,-58.494302,0.000000,0.499709,-0.000390
1178.160230,693.934025,-55.786375,0.000000,0.498148,-0.000300
1183.364549,698.505858,-53.299756,0.000000,0.497392,-0.000159
1188.101631,702.668947,-51.039527,0.000000,0.518462,0.004748
1192.539495,706.523597,-48.840365,0.000000,0.561781,0.010000
1196.871354,710.189682,-46.532807,0.000000,0.606187,0.010467
1201.113801,713.676237,-44.115724,0.000000,0.651309,0.010822
1205.283416,716.992293,-41.587986,0.000000,0.696736,0.011044
1209.396628,720.146884,-38.948465,0.000000,0.742030,0.011121
1213.469570,723.149043,-36.196031,0.000000,0.786746,0.011046
1217.517927,726.007803,-33.329555,0.000000,0.830452,0.010821
1221.556805,728.732197,-30.347908,0.000000,0.872745,0.010459
1225.600614,731.331258,-27.249962,0.000000,0.913268,0.009975
1229.662971,733.814019,-24.034586,0.000000,0.951717,0.009392
1233.756635,736.189513,-20.700652,0.000000,0.987853,0.008735
1237.893471,738.466773,-17.247030,0.000000,1.021498,0.008028
1242.084439,740.654831,-13.672592,0.000000,1.052533,0.007294
1246.339607,742.762722,-9.976209,0.000000,1.080898,0.006553
1250.668191,744.799478,-6.156750,0.000000,1.106576,0.005822
1255.078603,746.774132,-2.213088,0.000000,1.129594,0.005115
1259.578515,748.695717,1.855908,0.000000,1.150007,0.004441
1264.174933,750.573266,6.051365,0.000000,1.167897,0.003807
1268.874265,752.415813,10.374414,0.000000,1.183363,0.003217
1273.682404,754.232389,14.826183,0.000000,1.191332,0.001679
1278.427956,755.990251,19.234152,0.000000,1.190062,-0.000281
1282.948788,757.670203,23.431256,0.000000,1.183152,-0.001601
1287.264565,759.301602,27.426811,0.000000,1.169863,-0.003217
1291.395479,760.913807,31.230132,0.000000,1.149509,-0.005130
1295.362769,762.536173,34.850535,0.000000,1.121528,-0.007312
1299.189294,764.198059,38.297335,0.000000,1.085573,-0.009689
1302.900146,765.928822,41.579847,0.000000,1.041625,-0.012130
1306.523229,767.757818,44.707386,0.000000,0.990104,-0.014446
1310.089720,769.714406,47.689268,0.000000,0.931949,-0.016407
1313.634312,771.827943,50.534808,0.000000,0.868633,-0.017781
1317.195153,774.127785,53.253321,0.000000,0.802068,-0.018397
1320.813431,776.643291,55.854122,0.000000,0.734400,-0.018194
1324.532650,779.403817,58.346528,0.000000,0.667751,-0.017244
1328.397704,782.438721,60.739853,0.000000,0.603962,-0.015726
1332.453921,785.777360,63.043412,0.000000,0.544429,-0.013870
1336.746219,789.449091,65.266521,0.000000,0.490037,-0.011896
1341.318484,793.483271,67.418494,0.000000,0.441199,-0.009978
1346.213186,797.909259,69.508649,0.000000,0.397952,-0.008225
1351.471218,802.756411,71.546299,0.000000,0.360066,-0.006693
1357.131890,808.054084,73.540759,0.000000,0.345831,-0.002457
1362.926382,813.505506,75.504969,0.000000,0.362080,0.002935
1368.463576,818.683680,77.466356,0.000000,0.385115,0.004349
1373.759811,823.591993,79.455971,0.000000,0.415677,0.006023
1378.833728,828.233832,81.504865,0.000000,0.454443,0.007955
1383.707100,832.612584,83.644089,0.000000,0.501934,0.010108
1388.405710,836.731638,85.904694,0.000000,0.558380,0.012393
1392.960215,840.594379,88.317731,0.000000,0.623558,0.014658
1397.406866,844.204197,90.914252,0.000000,0.696636,0.016680
1401.787906,847.564477,93.725306,0.000000,0.776082,0.018207
1406.151489,850.678608,96.781946,0.000000,0.859706,0.019008
1410.550975,853.549976,100.115221,0.000000,0.944876,0.018958
1415.043636,856.181970,103.756183,0.000000,1.028866,0.018080
1419.688941,858.577976,107.735884,0.000000,1.109236,0.016545
1424.546758,860.741383,112.085373,0.000000,1.184124,0.014601
1429.675767,862.675576,116.835702,0.000000,1.252356,0.012505
1435.132315,864.383945,122.017922,0.000000,1.313413,0.010460
1440.969767,865.869875,127.663084,0.000000,1.367292,0.008595
1447.238276,867.136755,133.802239,0.000000,1.414345,0.006974
1453.984875,868.187972,140.466437,0.000000,1.455123,0.005610
1461.253744,869.026913,147.686730,0.000000,1.455455,0.000045
1468.626434,869.875404,155.010433,0.000000,1.415594,-0.005743
1475.567233,870.948310,161.867806,0.000000,1.372339,-0.006610
1482.111571,872.238572,168.283691,0.000000,1.325700,-0.007542
1488.295625,873.739134,174.282928,0.000000,1.275813,-0.008512
1494.156190,875.442939,179.890358,0.000000,1.222975,-0.009479
1499.730455,877.342929,185.130822,0.000000,1.167660,-0.010387
1505.055692,879.432048,190.029161,0.000000,1.110531,-0.011173
1510.168848,881.703239,194.610215,0.000000,1.052429,-0.011768
1515.106064,884.149445,198.898826,0.000000,0.994332,-0.012113
1519.902140,886.763608,202.919833,0.000000,0.937299,-0.012166
1524.590009,889.538671,206.698078,0.000000,0.882395,-0.011909
1529.200259,892.467578,210.258402,0.000000,0.830618,-0.011353
1533.760765,895.543271,213.625646,0.000000,0.782838,-0.010534
1538.296464,898.758694,216.824649,0.000000,0.739755,-0.009505
1542.829285,902.106790,219.880254,0.000000,0.701880,-0.008326
1547.378230,905.580500,222.817300,0.000000,0.669545,-0.007058
1551.959596,909.172769,225.660628,0.000000,0.642918,-0.005754
1556.587284,912.876539,228.435080,0.000000,0.622032,-0.004457
1561.273185,916.684753,231.165496,0.000000,0.606814,-0.003201
1566.027597,920.590354,233.876717,0.000000,0.589173,-0.003671
1570.833523,924.586004,236.547242,0.000000,0.564359,-0.005142
1575.659035,928.663232,239.128284,0.000000,0.537835,-0.005489
1580.491314,932.813290,241.603753,0.000000,0.509384,-0.005894
1585.318253,937.027425,243.957558,0.000000,0.478769,-0.006364
1590.128574,941.296887,246.173610,0.000000,0.445731,-0.006907
1594.911972,945.612926,248.235818,0.000000,0.409990,-0.007529
1599.659270,949.966791,250.128093,0.000000,0.371243,-0.008238
1604.362615,954.349730,251.834344,0.000000,0.329168,-0.009042
1609.015696,958.752994,253.338482,0.000000,0.283434,-0.009946
1613.614002,963.167831,254.624416,0.000000,0.233704,-0.010951
1618.155111,967.585492,255.676056,0.000000,0.179661,-0.012053
1622.639014,971.997224,256.477312,0.000000,0.121029,-0.013237
1627.068470,976.394278,257.012095,0.000000,0.057604,-0.014477
1631.449360,980.767902,257.264313,0.000000,-0.010695,-0.015731
1635.791053,985.109346,257.217878,0.000000,-0.083789,-0.016937
1640.106707,989.409860,256.856699,0.000000,-0.161379,-0.018016
1644.413498,993.660691,256.164685,0.000000,-0.242921,-0.018879
1648.732712,997.853091,255.125748,0.000000,-0.327603,-0.019436
1653.089646,1001.978307,253.723796,0.000000,-0.414377,-0.019616
1657.513316,1006.027590,251.942740,0.000000,-0.457227,-0.009125
1662.209042,1010.240973,249.869758,0.000000,-0.455939,0.000252
1667.315861,1014.826120,247.621197,0.000000,-0.454902,0.000190
1672.770150,1019.725729,245.224720,0.000000,-0.454037,0.000151
1678.508284,1024.882497,242.707991,0.000000,-0.453290,0.000125
1684.466635,1030.239120,240.098674,0.000000,-0.452627,0.000109
1690.581575,1035.738295,237.424432,0.000000,-0.452019,0.000098
1696.789477,1041.322719,234.712929,0.000000,-0.451446,0.000092
1703.026711,1046.935089,231.991829,0.000000,-0.450890,0.000090
1709.229648,1052.518102,229.288794,0.000000,-0.450334,0.000091
1715.334659,1058.014454,226.631489,0.000000,-0.449760,0.000097
1721.278115,1063.366843,224.047577,0.000000,-0.449146,0.000107
1726.996386,1068.517965,221.564722,0.000000,-0.448468,0.000125
1732.425844,1073.410517,219.210587,0.000000,-0.447688,0.000154
1737.502861,1077.987196,217.012837,0.000000,-0.446750,0.000201
1742.163808,1082.190699,214.999134,0.000000,-0.445567,0.000283
1746.345062,1085.963722,213.197142,0.000000,-0.443977,0.000437
1749.982997,1089.248962,211.634525,0.000000,-0.441662,0.000764
1753.013999,1091.989117,210.338947,0.000000,-0.437876,0.001604
1755.374464,1094.126883,209.338070,0.000000,-0.430355,0.004624
1757.000834,1095.604956,208.659559,0.000000,-0.397787,0.007086
1761.597083,1099.842333,206.879068,0.000000,-0.293959,0.023410
1766.032335,1104.087331,205.593981,0.000000,-0.186403,0.024842
1770.361931,1108.341926,204.791595,0.000000,-0.077755,0.025390
1774.641029,1112.608095,204.459209,0.000000,0.029178,0.024975
1778.922571,1116.887814,204.584118,0.000000,0.131820,0.023689
1783.255405,1121.183058,205.153622,0.000000,0.228151,0.021758
1787.682883,1125.495803,206.155016,0.000000,0.316862,0.019458
1792.242073,1129.828026,207.575598,0.000000,0.397340,0.017045
1796.963585,1134.181703,209.402666,0.000000,0.469533,0.014709
1801.871867,1138.558809,211.623516,0.000000,0.533783,0.012564
1806.985784,1142.961320,214.225447,0.000000,0.590662,0.010664
1812.319327,1147.391212,217.195755,0.000000,0.640847,0.009021
1817.882336,1151.850462,220.521738,0.000000,0.685041,0.007621
1823.681178,1156.341045,224.190694,0.000000,0.723918,0.006438
1829.719340,1160.864937,228.189919,0.000000,0.758097,0.005444
1835.997938,1165.424115,232.506710,0.000000,0.788134,0.004608
1842.516139,1170.020553,237.128366,0.000000,0.814516,0.003905
1849.271514,1174.656229,242.042183,0.000000,0.837668,0.003313
1856.260320,1179.333118,247.235459,0.000000,0.857957,0.002811
1863.477735,1184.053196,252.695491,0.000000,0.881016,0.003492
1870.080833,1188.255193,257.789028,0.000000,0.896001,0.002446
1876.208167,1192.083167,262.573466,0.000000,0.908171,0.002140
1881.893747,1195.580871,267.055863,0.000000,0.916587,0.001595
1887.170693,1198.792060,271.243275,0.000000,0.920143,0.000726
1892.071462,1201.760486,275.142761,0.000000,0.917559,-0.000567
1896.628221,1204.529904,278.761376,0.000000,0.907401,-0.002393
1900.873401,1207.144067,282.106178,0.000000,0.888137,-0.004856
1904.840475,1209.646729,285.184223,0.000000,0.858258,-0.008022
1908.564973,1212.081643,288.002570,0.000000,0.816490,-0.011864
1912.085680,1214.492563,290.568275,0.000000,0.762130,-0.016177
1915.445912,1216.923243,292.888394,0.000000,0.695471,-0.020519
1918.694608,1219.417437,294.969986,0.000000,0.618194,-0.024208
1921.886871,1222.018897,296.820107,0.000000,0.533504,-0.026493
1925.083600,1224.771378,298.445814,0.000000,0.445772,-0.026858
1928.350060,1227.718633,299.854164,0.000000,0.359701,-0.025288
1931.753667,1230.904416,301.052214,0.000000,0.279347,-0.022271
1935.361591,1234.372481,302.047021,0.000000,0.207462,-0.018540
1939.238831,1238.166581,302.845643,0.000000,0.145344,-0.014761
1943.447091,1242.330471,303.455136,0.000000,0.093106,-0.011363
1948.044435,1246.907902,303.882558,0.000000,0.039463,-0.011511
1952.704675,1251.564514,304.066417,0.000000,-0.025820,-0.014902
1957.085546,1255.943925,303.953316,0.000000,-0.094749,-0.016684
1961.217015,1260.056862,303.562450,0.000000,-0.166806,-0.018422
1965.128495,1263.914052,302.913014,0.000000,-0.241267,-0.020017
1968.848409,1267.526222,302.024204,0.000000,-0.317223,-0.021364
1972.403673,1270.904098,300.915213,0.000000,-0.393623,-0.022369
1975.819182,1274.058407,299.605238,0.000000,-0.469351,-0.022961
1979.117302,1276.999875,298.113474,0.000000,-0.543299,-0.023108
1982.317453,1279.739230,296.459116,0.000000,-0.614451,-0.022817
1985.435798,1282.287198,294.661358,0.000000,-0.681941,-0.022133
1988.485073,1284.654506,292.739397,0.000000,-0.745081,-0.021121
1991.474565,1286.851880,290.712427,0.000000,-0.803372,-0.019856
1994.410205,1288.890047,288.599643,0.000000,-0.856477,-0.018410
1997.294769,1290.779734,286.420241,0.000000,-0.904193,-0.016841
2000.128146,1292.531668,284.193415,0.000000,-0.946403,-0.015186
2002.907641,1294.156575,281.938361,0.000000,-0.983034,-0.013464
2005.628299,1295.665182,279.674274,0.000000,-1.014008,-0.011667
2008.283234,1297.068216,277.420350,0.000000,-1.039200,-0.009762
2010.863942,1298.376403,275.195783,0.000000,-1.058386,-0.007685
2013.360616,1299.600470,273.019768,0.000000,-1.041450,0.006909
2015.811956,1300.838322,270.903926,0.000000,-1.028854,0.005259
2018.206894,1302.073634,268.852162,0.000000,-1.010752,0.007745
2020.543993,1303.315155,266.872097,0.000000,-0.986694,0.010559
2022.822495,1304.571638,264.971354,0.000000,-0.956183,0.013743
2025.042578,1305.851832,263.157554,0.000000,-0.918704,0.017327
2027.205641,1307.164489,261.438318,0.000000,-0.873753,0.021314
2029.314625,1308.518358,259.821267,0.000000,-0.820906,0.025657
2031.374365,1309.922192,258.314025,0.000000,-0.759904,0.030235
2033.391945,1311.384740,256.924211,0.000000,-0.690772,0.034826
2035.377031,1312.914753,255.659448,0.000000,-0.613948,0.039094
2037.342127,1314.520983,254.527358,0.000000,-0.530394,0.042617
2039.302689,1316.212179,253.535561,0.000000,-0.441640,0.044954
2041.277038,1317.997093,252.691681,0.000000,-0.349717,0.045756
2043.286025,1319.884475,252.003337,0.000000,-0.256967,0.044884
2045.352477,1321.883075,251.478152,0.000000,-0.165750,0.042466
2047.500486,1324.001646,251.123747,0.000000,-0.078158,0.038858
2049.754659,1326.248937,250.947745,0.000000,0.004202,0.034536
2052.139442,1328.633699,250.957766,0.000000,0.080296,0.029968
2054.678607,1331.164683,251.161432,0.000000,0.149632,0.025526
2057.394916,1333.850640,251.566365,0.000000,0.186909,0.010189
2061.053397,1337.445402,252.246193,0.000000,0.192197,0.001011
2066.282310,1342.578035,253.245000,0.000000,0.194827,0.000397
2072.899602,1349.070135,254.526088,0.000000,0.196398,0.000201
2080.723171,1356.743302,256.052761,0.000000,0.197439,0.000118
2089.570895,1365.419134,257.788322,0.000000,0.198178,0.000076
2099.260647,1374.919227,259.696075,0.000000,0.198727,0.000053
2109.610297,1385.065181,261.739324,0.000000,0.199149,0.000039
2120.437710,1395.678594,263.881371,0.000000,0.199481,0.000030
2131.560754,1406.581063,266.085520,0.000000,0.199746,0.000024
2142.797292,1417.594186,268.315074,0.000000,0.199958,0.000019
2153.965190,1428.539561,270.533337,0.000000,0.200129,0.000016
2164.882311,1439.238787,272.703612,0.000000,0.200263,0.000013
2175.366519,1449.513462,274.789203,0.000000,0.200363,0.000010
2185.235678,1459.185183,276.753412,0.000000,0.200428,0.000007
2194.307652,1468.075548,278.559544,0.000000,0.200453,0.000003
2202.400304,1476.006156,280.170902,0.000000,0.200423,-0.000004
2209.331498,1482.798604,281.550789,0.000000,0.200299,-0.000022
2214.919096,1488.274491,282.662508,0.000000,0.199971,-0.000081
2218.980964,1492.255415,283.469363,0.000000,0.198971,-0.000425
2221.334965,1494.562973,283.934657,0.000000,0.209059,0.004362
2223.647426,1496.825084,284.414583,0.000000,0.243411,0.015427
2225.874119,1498.986138,284.951247,0.000000,0.279794,0.016924
2228.023927,1501.052345,285.544932,0.000000,0.318013,0.018357
2230.105891,1503.029916,286.195921,0.000000,0.357796,0.019663
2232.129168,1504.925061,286.904495,0.000000,0.398792,0.020770
2234.102980,1506.743989,287.670936,0.000000,0.440577,0.021610
2236.036547,1508.492912,288.495528,0.000000,0.482671,0.022126
2237.939015,1510.178039,289.378552,0.000000,0.524555,0.022275
2239.819378,1511.805581,290.320290,0.000000,0.565699,0.022037
2241.686400,1513.381747,291.321026,0.000000,0.605585,0.021419
2243.548548,1514.912749,292.381040,0.000000,0.643733,0.020451
2245.413931,1516.404795,293.500616,0.000000,0.679726,0.019183
2247.290255,1517.864097,294.680036,0.000000,0.713219,0.017679
2249.184799,1519.296864,295.919581,0.000000,0.743950,0.016009
2251.104402,1520.709308,297.219535,0.000000,0.771740,0.014244
2253.055473,1522.107637,298.580180,0.000000,0.796490,0.012446
2255.044009,1523.498062,300.001797,0.000000,0.818170,0.010671
2257.075631,1524.886793,301.484669,0.000000,0.836809,0.008961
2259.155617,1526.280041,303.029079,0.000000,0.852487,0.007349
2261.288952,1527.684016,304.635309,0.000000,0.875535,0.005252
2265.677647,1530.495353,308.005328,0.000000,0.883152,0.000892
2274.214481,1535.913842,314.602108,0.000000,0.885559,0.000197
2286.439339,1543.650429,324.067434,0.000000,0.886702,0.000074
2301.891970,1553.416055,336.043090,0.000000,0.887338,0.000035
2320.112097,1564.921666,350.170862,0.000000,0.887717,0.000018
2340.639432,1577.878204,366.092533,0.000000,0.887940,0.000010
2363.013686,1591.996613,383.449888,0.000000,0.888057,0.000005
2386.774569,1606.987837,401.884713,0.000000,0.888093,0.000001
2411.461788,1622.562819,421.038790,0.000000,0.888059,-0.000001
2436.615050,1638.432503,440.553907,0.000000,0.887955,-0.000004
2461.774065,1654.307833,460.071845,0.000000,0.887778,-0.000007
2486.478541,1669.899752,479.234392,0.000000,0.887511,-0.000011
2510.268187,1684.919204,497.683330,0.000000,0.887129,-0.000017
2532.682716,1699.077133,515.060445,0.000000,0.886581,-0.000027
2553.261840,1712.084481,531.007522,0.000000,0.885777,-0.000044
2571.545281,1723.652194,545.166344,0.000000,0.884532,-0.000080
2587.072771,1733.491213,557.178697,0.000000,0.882410,-0.000172
2599.384068,1741.312484,566.686365,0.000000,0.878090,-0.000500
2608.019013,1746.826950,573.331134,0.000000,0.864863,-0.002940
2612.517862,1749.745553,576.754786,0.000000,0.880882,0.005292
2615.544894,1751.672173,579.089537,0.000000,0.993045,0.038097
2618.489045,1753.280096,581.555832,0.000000,1.102436,0.038045
2621.364345,1754.578074,584.121489,0.000000,1.208877,0.037809
2624.179558,1755.574857,586.754330,0.000000,1.312675,0.037618
2626.938812,1756.279197,589.422174,0.000000,1.414574,0.037690
2629.642403,1756.699843,592.092840,0.000000,1.515688,0.038224
2632.287728,1756.845548,594.734149,0.000000,1.617467,0.039410
2634.870312,1756.725061,597.313921,0.000000,1.721660,0.041435
2637.384928,1756.347132,599.799975,0.000000,1.830308,0.044493
2639.826851,1755.720514,602.160131,0.000000,1.945702,0.048763
2642.193299,1754.853957,604.362210,0.000000,2.070292,0.054363
2644.485125,1753.756211,606.374031,0.000000,2.206435,0.061224
2646.708811,1752.436027,608.163415,0.000000,2.355903,0.068884
2648.878665,1750.902155,609.698180,0.000000,2.519077,0.076239
2651.018962,1749.163348,610.946147,0.000000,2.693992,0.081491
2653.165406,1747.228354,611.875136,0.000000,2.875785,0.082645
2655.365086,1745.105926,612.452966,0.000000,3.057272,0.078589
2657.674403,1742.804813,612.647458,0.000000,-3.052384,0.069946
2660.155315,1740.333767,612.426432,0.000000,-2.892803,0.058759
2662.871161,1737.701538,611.757706,0.000000,-2.836037,0.014936
2666.671698,1734.077042,610.614419,0.000000,-2.840173,-0.000579
2673.813608,1727.257118,608.494155,0.000000,-2.841844,-0.000165
2683.959560,1717.563567,605.498253,0.000000,-2.842915,-0.000084
2696.772197,1705.318191,601.728052,0.000000,-2.843776,-0.000057
2711.914155,1690.842790,597.284893,0.000000,-2.844563,-0.000046
2729.048075,1674.459165,592.270113,0.000000,-2.845341,-0.000041
2747.836595,1656.489117,586.785052,0.000000,-2.846153,-0.000040
2767.942362,1637.254448,580.931048,0.000000,-2.847031,-0.000042
2789.028024,1617.076958,574.809442,0.000000,-2.848006,-0.000045
2810.756239,1596.278448,568.521572,0.000000,-2.849115,-0.000050
2832.789671,1575.180720,562.168777,0.000000,-2.850404,-0.000059
2854.790999,1554.105575,555.852397,0.000000,-2.851934,-0.000071
2876.422918,1533.374813,549.673770,0.000000,-2.853790,-0.000089
2897.348149,1513.310236,543.734235,0.000000,-2.856104,-0.000116
2917.229455,1494.233644,538.135133,0.000000,-2.859078,-0.000161
2935.729656,1476.466839,532.977800,0.000000,-2.863055,-0.000237
2952.511678,1460.331622,528.363578,0.000000,-2.868658,-0.000381
2967.238638,1446.149794,524.393805,0.000000,-2.877161,-0.000689
2979.574040,1434.243155,521.169819,0.000000,-2.891621,-0.001505
2989.182317,1424.933508,518.792961,0.000000,-2.900724,-0.002001
2993.732464,1420.514718,517.707541,0.000000,-2.902368,-0.000320
2998.874386,1415.519228,516.489167,0.000000,-2.903936,-0.000275
3004.579555,1409.974417,515.146024,0.000000,-2.905470,-0.000246
3010.819447,1403.907668,513.686298,0.000000,-2.906998,-0.000226
3017.565539,1397.346361,512.118177,0.000000,-2.908539,-0.000213
3024.789312,1390.317878,510.449846,0.000000,-2.910107,-0.000204
3032.462253,1382.849600,508.689490,0.000000,-2.911715,-0.000199
3040.555851,1374.968909,506.845298,0.000000,-2.913373,-0.000195
3049.041603,1366.703186,504.925453,0.000000,-2.915091,-0.000194
3057.891009,1358.079812,502.938144,0.000000,-2.916877,-0.000194
3067.075575,1349.126168,500.891555,0.000000,-2.918740,-0.000196
3076.566816,1339.869637,498.793873,0.000000,-2.920690,-0.000200
3086.336252,1330.337598,496.653285,0.000000,-2.922735,-0.000204
3096.355412,1320.557434,494.477975,0.000000,-2.924886,-0.000210
3106.595836,1310.556526,492.276132,0.000000,-2.927153,-0.000217
3117.029072,1300.362254,490.055940,0.000000,-2.929549,-0.000226
3127.626681,1290.002002,487.825586,0.000000,-2.932087,-0.000236
3138.360237,1279.503148,485.593256,0.000000,-2.934781,-0.000248
3149.201327,1268.893076,483.367136,0.000000,-2.937647,-0.000263
3160.121557,1258.199167,481.155412,0.000000,-2.942369,-0.000476
3170.047572,1248.469484,479.190967,0.000000,-2.945228,-0.000287
3179.993228,1238.714961,477.250517,0.000000,-2.947822,-0.000261
3189.938391,1228.955921,475.335471,0.000000,-2.950167,-0.000236
3199.862905,1219.212688,473.447242,0.000000,-2.952275,-0.000213
3209.746599,1209.505588,471.587242,0.000000,-2.954157,-0.000192
3219.569284,1199.854944,469.756881,0.000000,-2.955820,-0.000171
3229.310761,1190.281081,467.957571,0.000000,-2.957269,-0.000150
3238.950818,1180.804323,466.190723,0.000000,-2.958506,-0.000130
3248.469234,1171.444993,464.457749,0.000000,-2.959532,-0.000109
3257.845780,1162.223417,462.760060,0.000000,-2.960342,-0.000088
3267.060219,1153.159919,461.099068,0.000000,-2.960932,-0.000065
3276.092311,1144.274823,459.476184,0.000000,-2.961291,-0.000041
3284.921811,1135.588453,457.892820,0.000000,-2.961405,-0.000013
3293.528471,1127.121134,456.350386,0.000000,-2.961257,0.000018
3301.892044,1118.893189,454.850294,0.000000,-2.960820,0.000054
3309.992282,1110.924944,453.393956,0.000000,-2.960063,0.000097
3317.808941,1103.236722,451.982783,0.000000,-2.958944,0.000149
3325.321784,1095.848847,450.618187,0.000000,-2.957406,0.000214
3332.510582,1088.781645,449.301579,0.000000,-2.955377,0.000296
3339.355118,1082.055439,448.034369,0.000000,-2.956288,-0.000064
3353.545831,1068.107669,445.419783,0.000000,-2.966066,-0.000647
3368.670223,1053.215667,442.778662,0.000000,-2.974289,-0.000516
3384.611897,1037.496580,440.123992,0.000000,-2.981360,-0.000425
3401.254107,1021.067555,437.468757,0.000000,-2.987562,-0.000360
3418.479864,1004.045738,434.825942,0.000000,-2.993106,-0.000313
3436.172009,986.548277,432.208533,0.000000,-2.998150,-0.000280
3454.213256,968.692318,429.629514,0.000000,-3.002821,-0.000256
3472.486231,950.595008,427.101870,0.000000,-3.007222,-0.000239
3490.873490,932.373495,424.638587,0.000000,-3.011443,-0.000230
3509.257546,914.144924,422.252648,0.000000,-3.015564,-0.000226
3527.520874,896.026443,419.957040,0.000000,-3.019666,-0.000228
3545.545933,878.135199,417.764747,0.000000,-3.023829,-0.000236
3563.215174,860.588339,415.688754,0.000000,-3.028142,-0.000251
3580.411050,843.503009,413.742046,0.000000,-3.032709,-0.000275
3597.016037,826.996356,411.937608,0.000000,-3.037661,-0.000312
3612.912644,811.185528,410.288424,0.000000,-3.043168,-0.000365
3627.983441,796.187670,408.807481,0.000000,-3.049464,-0.000446
3642.111093,782.119931,407.507762,0.000000,-3.056890,-0.000568
3655.178415,769.099456,406.402253,0.000000,-3.065969,-0.000764
3667.068462,757.243393,405.503939,0.000000,-3.060713,0.001935
3669.783854,754.536877,405.284559,0.000000,-3.046484,0.003234
3674.183620,750.156995,404.866736,0.000000,-3.040543,0.001008
3680.077238,744.293441,404.272203,0.000000,-3.037257,0.000457
3687.273906,737.135909,403.522699,0.000000,-3.035151,0.000254
3695.582749,728.874090,402.639957,0.000000,-3.033666,0.000161
3704.812865,719.697680,401.645714,0.000000,-3.032546,0.000112
3714.773337,709.796370,400.561706,0.000000,-3.031652,0.000085
3725.273245,699.359854,399.409667,0.000000,-3.030905,0.000069
3736.121661,688.577825,398.211335,0.000000,-3.030251,0.000059
3747.127659,677.639977,396.988444,0.000000,-3.029653,0.000055
3758.100308,666.736003,395.762730,0.000000,-3.029078,0.000053
3768.848678,656.055596,394.555929,0.000000,-3.028496,0.000056
3779.181839,645.788449,393.389777,0.000000,-3.027873,0.000064
3788.908860,636.124255,392.286009,0.000000,-3.027160,0.000080
3797.838811,627.252709,391.266360,0.000000,-3.026278,0.000111
3805.780763,619.363502,390.352568,0.000000,-3.025079,0.000177
3812.543790,612.646329,389.566366,0.000000,-3.023228,0.000343
3817.936972,607.290882,388.929492,0.000000,-3.019747,0.000908
3821.769413,603.486855,388.463680,0.000000,-3.010014,0.004677
3823.850315,601.423941,388.190667,0.000000,-2.974439,0.030745
3825.007424,600.282959,387.998151,0.000000,-2.935944,0.032608
3826.187961,599.127298,387.757082,0.000000,-2.893516,0.035554
3827.381283,597.970508,387.464074,0.000000,-2.846113,0.039628
3828.577493,596.826138,387.115738,0.000000,-2.792538,0.045014
3829.767665,595.707738,386.708688,0.000000,-2.731408,0.051960
3830.944137,594.628858,386.239536,0.000000,-2.661138,0.060746
3832.100912,593.603047,385.704895,0.000000,-2.579983,0.071612
3833.234175,592.643854,385.101377,0.000000,-2.486176,0.084605
3834.342943,591.764829,384.425595,0.000000,-2.378234,0.099312
3835.429847,590.979521,383.674161,0.000000,-2.255488,0.114489
3836.501959,590.301481,382.843688,0.000000,-2.118820,0.127784
3837.571484,589.744257,381.930790,0.000000,-1.971314,0.136008
3838.656027,589.321399,380.932077,0.000000,-1.818338,0.136328
3839.778145,589.046457,379.844164,0.000000,-1.666628,0.127923
3840.964089,588.932980,378.663662,0.000000,-1.522625,0.112682
3842.242048,588.994517,377.387185,0.000000,-1.390979,0.094141
3843.640436,589.244618,376.011344,0.000000,-1.273989,0.075663
3845.186635,589.696834,374.532753,0.000000,-1.171939,0.059341
3846.906352,590.364712,372.948024,0.000000,-1.083836,0.045957
3848.823451,591.261803,371.253770,0.000000,-1.016081,0.028569
3851.195085,592.510946,369.237762,0.000000,-0.980136,0.011866
3854.224234,594.197908,366.721833,0.000000,-0.958936,0.005847
3857.850196,596.280629,363.753689,0.000000,-0.945192,0.003303
3862.010837,598.717049,360.381035,0.000000,-0.935763,0.002035
3866.643405,601.465107,356.651577,0.000000,-0.929085,0.001325
3871.684840,604.482745,352.613021,0.000000,-0.924296,0.000889
3877.071917,607.727901,348.313072,0.000000,-0.920890,0.000601
3882.741312,611.158517,343.799436,0.000000,-0.918559,0.000396
3888.629639,614.732531,339.119819,0.000000,-0.917112,0.000239
3894.673480,618.407885,334.321925,0.000000,-0.916436,0.000110
3900.809392,622.142518,329.453461,0.000000,-0.916478,-0.000007
3906.973927,625.894370,324.562132,0.000000,-0.917227,-0.000122
3913.103635,629.621381,319.695644,0.000000,-0.918719,-0.000248
3919.135076,633.281491,314.901703,0.000000,-0.921042,-0.000396
3925.004833,636.832641,310.228013,0.000000,-0.924343,-0.000585
3930.649521,640.232770,305.722281,0.000000,-0.928864,-0.000844
3936.005811,643.439819,301.432212,0.000000,-0.934987,-0.001223
3941.010464,646.411727,297.405512,0.000000,-0.943333,-0.001818
3945.600380,649.106434,293.689886,0.000000,-0.954960,-0.002827
3949.712698,651.481881,290.333040,0.000000,-0.952023,0.000736
3953.703244,653.796543,287.082379,0.000000,-0.954757,-0.000654
3957.884574,656.212544,283.669688,0.000000,-0.957276,-0.000580
3962.226953,658.712666,280.119244,0.000000,-0.959653,-0.000531
3966.700646,661.279688,276.455323,0.000000,-0.961947,-0.000501
3971.275912,663.896391,272.702201,0.000000,-0.964207,-0.000486
3975.923015,666.545557,268.884154,0.000000,-0.966478,-0.000484
3980.612216,669.209966,265.025458,0.000000,-0.968803,-0.000494
3985.313780,671.872399,261.150390,0.000000,-0.971225,-0.000517
3989.997973,674.515637,257.283226,0.000000,-0.973792,-0.000554
3994.635066,677.122461,253.448242,0.000000,-0.976559,-0.000607
3999.195335,679.675651,249.669715,0.000000,-0.979591,-0.000681
4003.649062,682.157989,245.971920,0.000000,-0.982972,-0.000783
4007.966541,684.552254,242.379133,0.000000,-0.986807,-0.000924
4012.118076,686.841229,238.915632,0.000000,-0.991241,-0.001121
4016.073992,689.007693,235.605692,0.000000,-0.996473,-0.001402
4019.804638,691.034428,232.473589,0.000000,-1.002793,-0.001818
4023.280403,692.904214,229.543600,0.000000,-1.010637,-0.002458
4026.471730,694.599833,226.840001,0.000000,-1.020700,-0.003497
4029.349158,696.104065,224.387068,0.000000,-1.034156,-0.005310
4031.883382,697.399690,222.209077,0.000000,-1.084509,-0.021179
4034.260862,698.510798,220.107208,0.000000,-1.164280,-0.032931
4036.683219,699.468626,217.882264,0.000000,-1.240056,-0.030834
4039.140717,700.266684,215.557957,0.000000,-1.313385,-0.029548
4041.622443,700.898477,213.157999,0.000000,-1.385722,-0.028999
4044.116940,701.357514,210.706101,0.000000,-1.458459,-0.029143
4046.612799,701.637302,208.225975,0.000000,-1.532963,-0.029964
4049.099221,701.731349,205.741332,0.000000,-1.610600,-0.031465
4051.566623,701.633162,203.275884,0.000000,-1.692751,-0.033659
4054.007291,701.336249,200.853343,0.000000,-1.780790,-0.036548
4056.416130,700.834117,198.497421,0.000000,-1.876030,-0.040094
4058.791521,700.120274,196.231829,0.000000,-1.979590,-0.044167
4061.136277,699.188227,194.080278,0.000000,-2.092186,-0.048483
4063.458653,698.031484,192.066481,0.000000,-2.213842,-0.052560
4065.773278,696.643552,190.214149,0.000000,-2.343579,-0.055716
4068.101802,695.017939,188.546994,0.000000,-2.479222,-0.057204
4070.473013,693.148153,187.088727,0.000000,-2.617491,-0.056455
4072.922213,691.027700,185.863061,0.000000,-2.754465,-0.053347
4075.489835,688.650089,184.893705,0.000000,-2.886302,-0.048297
4078.219568,686.008827,184.204374,0.000000,-3.009916,-0.042091
4081.156397,683.097422,183.818777,0.000000,-3.081791,-0.022313
4084.377578,679.881999,183.626261,0.000000,-3.104077,-0.006522
4087.794414,676.467568,183.498105,0.000000,-3.122834,-0.005237
4091.376022,672.886590,183.430922,0.000000,-3.139009,-0.004354
4095.091095,669.171529,183.421325,0.000000,3.129908,-0.003738
4098.908039,665.354846,183.465925,0.000000,3.117044,-0.003309
4102.795051,661.469004,183.561336,0.000000,3.105195,-0.003019
4106.720189,657.546466,183.704171,0.000000,3.094040,-0.002838
4110.651406,653.619694,183.891041,0.000000,3.083299,-0.002750
4114.556584,649.721149,184.118560,0.000000,3.072710,-0.002752
4118.403560,645.883295,184.383340,0.000000,3.062007,-0.002849
4122.160152,642.138595,184.681994,0.000000,3.050896,-0.003057
4125.794173,638.519509,185.011135,0.000000,3.039024,-0.003412
4129.273467,635.058501,185.367374,0.000000,3.025935,-0.003976
4132.565931,631.788033,185.747325,0.000000,3.010993,-0.004861
4135.639571,628.740568,186.147600,0.000000,2.993259,-0.006282
4138.462572,625.948568,186.564813,0.000000,2.971236,-0.008668
4141.003426,623.444495,186.995574,0.000000,2.942354,-0.012964
4143.231180,621.260811,187.436498,0.000000,2.901766,-0.021535
4145.115955,619.429980,187.884197,0.000000,2.839110,-0.041377
4146.630220,617.984462,188.335283,0.000000,2.783194,-0.041997
4147.961658,616.737625,188.802318,0.000000,2.759941,-0.017222
4149.311851,615.484576,189.305203,0.000000,2.730754,-0.021336
4150.679867,614.230399,189.851559,0.000000,2.695803,-0.025224
4152.065510,612.980174,190.449008,0.000000,2.655284,-0.028860
4153.469472,611.738982,191.105171,0.000000,2.609451,-0.032186
4154.893455,610.511904,191.827671,0.000000,2.558650,-0.035113
4156.340288,609.304021,192.624129,0.000000,2.503340,-0.037530
4157.814016,608.120414,193.502166,0.000000,2.444118,-0.039325
4159.319951,606.966164,194.469404,0.000000,2.381717,-0.040396
4160.864685,605.846353,195.533464,0.000000,2.316988,-0.040676
4162.456047,604.766061,196.701969,0.000000,2.250864,-0.040149
4164.103019,603.730370,197.982539,0.000000,2.184311,-0.038861
4165.815601,602.744360,199.382797,0.000000,2.118265,-0.036917
4167.604646,601.813113,200.910364,0.000000,2.053579,-0.034462
4169.481676,600.941710,202.572862,0.000000,1.990978,-0.031665
4171.458697,600.135231,204.377912,0.000000,1.931030,-0.028693
4173.548025,599.398759,206.333135,0.000000,1.874141,-0.025694
4175.762135,598.737373,208.446154,0.000000,1.820565,-0.022785
4178.113536,598.156155,210.724590,0.000000,1.770416,-0.020050
4180.614678,597.660186,213.176065,0.000000,1.754824,-0.006162
4183.145058,597.197150,215.663719,0.000000,1.771899,0.007015
4185.579013,596.710967,218.048622,0.000000,1.790193,0.007808
4187.921842,596.201072,220.335291,0.000000,1.809729,0.008655
4190.178915,595.666902,222.528243,0.000000,1.830516,0.009550
4192.355670,595.107890,224.631994,0.000000,1.852546,0.010481
4194.457615,594.523473,226.651060,0.000000,1.875785,0.011433
4196.490322,593.913086,228.589959,0.000000,1.900178,0.012388
4198.459423,593.276164,230.453206,0.000000,1.925637,0.013321
4200.370597,592.612144,232.245317,0.000000,1.952045,0.014206
4202.229563,591.920460,233.970811,0.000000,1.979253,0.015011
4204.042060,591.200548,235.634202,0.000000,2.007080,0.015706
4205.813831,590.451843,237.240008,0.000000,2.035316,0.016258
4207.550602,589.673781,238.792745,0.000000,2.063726,0.016639
4209.258059,588.865797,240.296930,0.000000,2.092057,0.016826
4210.941825,588.027326,241.757079,0.000000,2.120042,0.016802
4212.607434,587.157805,243.177708,0.000000,2.147415,0.016561
4214.260313,586.256668,244.563334,0.000000,2.173914,0.016105
4215.905757,585.323350,245.918474,0.000000,2.199294,0.015446
4217.548915,584.357289,247.247644,0.000000,2.223330,0.014604
4219.194778,583.357918,248.555361,0.000000,2.259679,0.019193
4221.088645,582.154034,250.017344,0.000000,2.258132,-0.000677
4223.372700,580.704847,251.782781,0.000000,2.257980,-0.000057
4226.003374,579.036045,253.816385,0.000000,2.258724,0.000253
4228.937095,577.173316,256.082871,0.000000,2.260138,0.000443
4232.130297,575.142346,258.546954,0.000000,2.262123,0.000582
4235.539424,572.968825,261.173349,0.000000,2.264648,0.000705
4239.120932,570.678439,263.926771,0.000000,2.267728,0.000830
4242.831296,568.296876,266.771935,0.000000,2.271411,0.000970
4246.627012,565.849824,269.673554,0.000000,2.275783,0.001139
4250.464609,563.362970,272.596345,0.000000,2.280970,0.001352
4254.300654,560.862002,275.505022,0.000000,2.287150,0.001630
4258.091769,558.372607,278.364300,0.000000,2.294578,0.002006
4261.794650,555.920474,281.138893,0.000000,2.303616,0.002531
4265.366096,553.531289,283.793516,0.000000,2.314797,0.003291
4268.763060,551.230741,286.292884,0.000000,2.328926,0.004444
4271.942724,549.044517,288.601713,0.000000,2.347285,0.006288
4274.862636,546.998305,290.684716,0.000000,2.372026,0.009449
4277.480960,545.117792,292.506609,0.000000,2.407052,0.015389
4279.756985,543.428666,294.032105,0.000000,2.460188,0.028036
4281.652277,541.956614,295.225921,0.000000,2.526316,0.038843
4283.354718,540.566377,296.208544,0.000000,2.579496,0.030923
4285.074484,539.111215,297.125112,0.000000,2.628237,0.028088
4286.809778,537.599597,297.977320,0.000000,2.672962,0.025585
4288.557848,536.039991,298.766862,0.000000,2.714088,0.023403
4290.315123,534.440866,299.495431,0.000000,2.752014,0.021522
4292.077344,532.810690,300.164721,0.000000,2.787115,0.019918
4293.839670,531.157931,300.776425,0.000000,2.819740,0.018568
4295.596768,529.491058,301.332237,0.000000,2.850213,0.017452
4297.342888,527.818539,301.833852,0.000000,2.878834,0.016553
4299.071929,526.148844,302.282962,0.000000,2.905887,0.015861
4300.777493,524.490439,302.681261,0.000000,2.931641,0.015372
4302.452929,522.851794,303.030444,0.000000,2.956361,0.015088
4304.091373,521.241378,303.332203,0.000000,2.980315,0.015024
4305.685784,519.667658,303.588232,0.000000,3.003783,0.015207
4307.228970,518.139103,303.800225,0.000000,3.027072,0.015687
4308.713616,516.664181,303.969877,0.000000,3.050536,0.016539
4310.132313,515.251362,304.098879,0.000000,3.074606,0.017892
4311.477579,513.909113,304.188927,0.000000,3.099829,0.019950
4312.741892,512.645902,304.241714,0.000000,3.126948,0.023063
4313.917721,511.470200,304.258933,0.000000,-3.141472,0.012622
4315.087496,510.300425,304.258792,0.000000,-3.140799,0.000541
4316.331793,509.056127,304.257804,0.000000,-3.139543,0.000959
4317.640454,507.747470,304.255122,0.000000,-3.137761,0.001308
4319.003319,506.384614,304.249900,0.000000,-3.135473,0.001626
4320.410237,504.977722,304.241291,0.000000,-3.132678,0.001940
4321.851060,503.536957,304.228447,0.000000,-3.129353,0.002270
4323.315647,502.072480,304.210522,0.000000,-3.125456,0.002637
4324.793866,500.594453,304.186669,0.000000,-3.120921,0.003060
4326.275596,499.113040,304.156041,0.000000,-3.115660,0.003566
4327.750731,497.638400,304.117792,0.000000,-3.109555,0.004186
4329.209182,496.180698,304.071075,0.000000,-3.102445,0.004966
4330.640882,494.750095,304.015042,0.000000,-3.094120,0.005968
4332.035796,493.356753,303.948847,0.000000,-3.084294,0.007289
4333.383927,492.010834,303.871643,0.000000,-3.072574,0.009075
4334.675335,490.722501,303.782583,0.000000,-3.058413,0.011562
4335.900155,489.501915,303.680820,0.000000,-3.041019,0.015145
4337.048635,488.359239,303.565508,0.000000,-3.019215,0.020521
4338.111186,487.304635,303.435800,0.000000,-2.991173,0.028990
4339.078478,486.348265,303.290848,0.000000,-2.953914,0.043167
4339.941609,485.500291,303.129807,0.000000,-2.878780,0.092240
4340.756155,484.713713,302.918190,0.000000,-2.777053,0.122634
4341.585668,483.938709,302.622452,0.000000,-2.677374,0.117664
4342.432824,483.181206,302.243160,0.000000,-2.579584,0.112725
4343.300332,482.447133,301.780877,0.000000,-2.483565,0.107803
4344.191024,481.742417,301.236167,0.000000,-2.389253,0.102858
4345.107937,481.072986,300.609596,0.000000,-2.296650,0.097844
4346.054370,480.444768,299.901728,0.000000,-2.205825,0.092720
4347.033931,479.863692,299.113127,0.000000,-2.116906,0.087464
4348.050569,479.335684,298.244359,0.000000,-2.030069,0.082076
4349.108577,478.866673,297.295987,0.000000,-1.945518,0.076585
4350.212596,478.462587,296.268576,0.000000,-1.863470,0.071037
4351.367597,478.129353,295.162690,0.000000,-1.784136,0.065498
4352.578852,477.872900,293.978895,0.000000,-1.707702,0.060040
4353.851904,477.699156,292.717755,0.000000,-1.634323,0.054735
4355.192529,477.614048,291.379834,0.000000,-1.564109,0.049650
4356.606697,477.623505,289.965698,0.000000,-1.497128,0.044838
4358.100537,477.733453,288.475909,0.000000,-1.433402,0.040339
4359.680300,477.949822,286.911034,0.000000,-1.372910,0.036179
4361.352328,478.278539,285.271637,0.000000,-1.315597,0.032367
4363.123031,478.725532,283.558281,0.000000,-1.185554,0.045891
4365.956740,479.790392,280.932262,0.000000,-1.112126,0.015467
4370.704186,481.892355,276.675503,0.000000,-1.083399,0.004448
4377.162183,484.916815,270.969509,0.000000,-1.068305,0.001897
4385.119549,488.749164,263.995789,0.000000,-1.059169,0.000988
4394.363140,493.274797,255.935849,0.000000,-1.053194,0.000579
4404.679098,498.379107,246.971197,0.000000,-1.049128,0.000364
4415.853240,503.947489,237.283339,0.000000,-1.046332,0.000237
4427.671224,509.865334,227.053782,0.000000,-1.044460,0.000153
4439.918612,516.018039,216.464034,0.000000,-1.043320,0.000092
4452.380920,522.290995,205.695602,0.000000,-1.042815,0.000041
4464.843631,528.569597,194.929993,0.000000,-1.042917,-0.000008
4477.092221,534.739238,184.348714,0.000000,-1.043667,-0.000063
4488.912164,540.685312,174.133271,0.000000,-1.045181,-0.000135
4500.088956,546.293212,164.465173,0.000000,-1.047697,-0.000244
4510.408133,551.448333,155.525926,0.000000,-1.051669,-0.000430
4519.655314,556.036068,147.497037,0.000000,-1.058005,-0.000796
4527.616289,559.941811,140.560013,0.000000,-1.068748,-0.001663
4534.077227,563.050955,134.896362,0.000000,-1.089525,-0.004376
4538.825353,565.248893,130.687590,0.000000,-1.143247,-0.019004
4541.652197,566.421021,128.115205,0.000000,-1.255093,-0.058810
4543.554014,567.011507,126.307379,0.000000,-1.313320,-0.027897
4545.641225,567.542996,124.288972,0.000000,-1.358122,-0.019884
4547.894445,568.018593,122.086516,0.000000,-1.393518,-0.014763
4550.291990,568.441404,119.726548,0.000000,-1.422108,-0.011351
4552.810728,568.814534,117.235601,0.000000,-1.445634,-0.008994
4555.426582,569.141086,114.640210,0.000000,-1.465297,-0.007315
4558.114830,569.424168,111.966909,0.000000,-1.481950,-0.006088
4560.850295,569.666883,109.242233,0.000000,-1.496211,-0.005172
4563.607478,569.872337,106.492715,0.000000,-1.508537,-0.004477
4566.360635,570.043635,103.744892,0.000000,-1.519273,-0.003942
4569.083844,570.183882,101.025297,0.000000,-1.528679,-0.003527
4571.751042,570.296183,98.360464,0.000000,-1.536956,-0.003202
4574.336057,570.383643,95.776929,0.000000,-1.544255,-0.002947
4576.812633,570.449368,93.301225,0.000000,-1.550685,-0.002746
4579.154445,570.496462,90.959887,0.000000,-1.556319,-0.002584
4581.335111,570.528030,88.779450,0.000000,-1.561189,-0.002443
4583.328205,570.547178,86.786448,0.000000,-1.565269,-0.002294
4585.107265,570.557011,85.007415,0.000000,-1.568442,-0.002062
4586.645798,570.560634,83.468886,0.000000,-1.570389,-0.001532
4587.917289,570.561151,82.197395,0.000000,-1.674152,-0.073759
4589.324066,570.416011,80.798126,0.000000,-1.786863,-0.057873
4591.271646,569.998470,78.895830,0.000000,-1.845890,-0.024179
4593.712867,569.335343,76.546400,0.000000,-1.882114,-0.012582
4596.591933,568.453448,73.805728,0.000000,-1.906671,-0.007537
4599.850010,567.379602,70.729705,0.000000,-1.924508,-0.004987
4603.426926,566.140621,67.374223,0.000000,-1.938151,-0.003557
4607.261837,564.763322,63.795175,0.000000,-1.949025,-0.002697
4611.293520,563.274522,60.048451,0.000000,-1.958005,-0.002155
4615.460525,561.701037,56.189943,0.000000,-1.965664,-0.001806
4619.701260,560.069684,52.275544,0.000000,-1.972404,-0.001585
4623.954036,558.407281,48.361145,0.000000,-1.978529,-0.001457
4628.157102,556.740643,44.502638,0.000000,-1.984296,-0.001409
4632.248661,555.096588,40.755914,0.000000,-1.989946,-0.001442
4636.166890,553.501932,37.176865,0.000000,-1.995748,-0.001575
4639.849948,551.983492,33.821384,0.000000,-2.002052,-0.001862
4643.235992,550.568085,30.745361,0.000000,-2.009392,-0.002425
4646.263192,549.282528,28.004689,0.000000,-2.018719,-0.003578
4648.869764,548.153636,25.655259,0.000000,-2.032027,-0.006265
4650.994034,547.208228,23.752963,0.000000,-2.054519,-0.014230
4652.574648,546.473120,22.353693,0.000000,-2.099191,-0.035470
4653.834093,545.838174,21.266015,0.000000,-2.151768,-0.043586
4655.040362,545.176130,20.257658,0.000000,-2.205483,-0.046291
4656.200735,544.488116,19.323259,0.000000,-2.259610,-0.048263
4657.322243,543.775260,18.457454,0.000000,-2.313335,-0.049319
4658.411581,543.038694,17.654880,0.000000,-2.365798,-0.049334
4659.475016,542.279544,16.910174,0.000000,-2.416145,-0.048257
4660.518320,541.498941,16.217973,0.000000,-2.463572,-0.046118
4661.546711,540.698014,15.572912,0.000000,-2.507371,-0.043019
4662.564822,539.877892,14.969629,0.000000,-2.546949,-0.039114
4663.576701,539.039704,14.402761,0.000000,-2.581847,-0.034582
4664.585829,538.184579,13.866943,0.000000,-2.611733,-0.029610
4665.595164,537.313646,13.356813,0.000000,-2.636395,-0.024369
4666.607200,536.428034,12.867008,0.000000,-2.655721,-0.019005
4667.624042,535.528873,12.392163,0.000000,-2.669681,-0.013640
4668.647485,534.617292,11.926916,0.000000,-2.678312,-0.008367
4669.679099,533.694419,11.465903,0.000000,-2.681704,-0.003257
4670.720314,532.761384,11.003761,0.000000,-2.679985,0.001634
4671.772507,531.819317,10.535126,0.000000,-2.673320,0.006260
4672.837081,530.869345,10.054636,0.000000,-2.661908,0.010582
4673.915542,529.912598,9.556926,0.000000,-2.647644,0.010625
4675.257965,528.730638,8.920475,0.000000,-2.666393,-0.009794
4677.172273,527.028433,8.044650,0.000000,-2.675802,-0.003880
4679.597479,524.861592,6.955419,0.000000,-2.681451,-0.001965
4682.472364,522.285726,5.678753,0.000000,-2.685211,-0.001152
4685.735632,519.356442,4.240623,0.000000,-2.687890,-0.000746
4689.325954,516.129352,2.666997,0.000000,-2.689889,-0.000519
4693.181983,512.660064,0.983846,0.000000,-2.691434,-0.000380
4697.242363,509.004187,-0.782861,0.000000,-2.692657,-0.000291
4701.445732,505.217332,-2.607153,0.000000,-2.693643,-0.000230
4705.730725,501.355108,-4.463061,0.000000,-2.694449,-0.000187
4710.035975,497.473124,-6.324614,0.000000,-2.695112,-0.000155
4714.300113,493.626990,-8.165843,0.000000,-2.695656,-0.000131
4718.461768,489.872316,-9.960777,0.000000,-2.696098,-0.000110
4722.459569,486.264709,-11.683448,0.000000,-2.696445,-0.000092
4726.232145,482.859782,-13.307884,0.000000,-2.696699,-0.000073
4729.718123,479.713141,-14.808117,0.000000,-2.696847,-0.000047
4732.856131,476.880398,-16.158176,0.000000,-2.696861,-0.000005
4735.584796,474.417162,-17.332091,0.000000,-2.696666,0.000086
4737.842744,472.379042,-18.303893,0.000000,-2.696074,0.000343
4739.568605,470.821647,-19.047611,0.000000,-2.722989,-0.017648
4741.093723,469.428211,-19.667548,0.000000,-2.771075,-0.028384
4742.787865,467.849033,-20.280993,0.000000,-2.812581,-0.022334
4744.646254,466.090325,-20.881453,0.000000,-2.849484,-0.018291
4746.663747,464.158295,-21.462436,0.000000,-2.883108,-0.015486
4748.835020,462.059155,-22.017449,0.000000,-2.914373,-0.013478
4751.154685,459.799114,-22.539999,0.000000,-2.943939,-0.012006
4753.617364,457.384383,-23.023594,0.000000,-2.972292,-0.010903
4756.217754,454.821172,-23.461742,0.000000,-2.999800,-0.010066
4758.950662,452.115691,-23.847951,0.000000,-3.026749,-0.009421
4761.811045,449.274150,-24.175727,0.000000,-3.053362,-0.008922
4764.794038,446.302760,-24.438578,0.000000,-3.079819,-0.008532
4767.894983,443.207730,-24.630012,0.000000,-3.106269,-0.008228
4771.109447,439.995271,-24.743536,0.000000,-3.132831,-0.007992
4774.433252,436.671593,-24.772658,0.000000,3.123578,-0.007808
4777.862495,433.242907,-24.710886,0.000000,3.096503,-0.007668
4781.393569,429.715422,-24.551726,0.000000,3.069059,-0.007561
4785.023187,426.095348,-24.288686,0.000000,3.041185,-0.007482
4788.748401,422.388896,-23.915275,0.000000,3.012833,-0.007425
4792.566628,418.602277,-23.424999,0.000000,2.983963,-0.007386
4796.475669,414.741699,-22.811366,0.000000,2.969481,-0.003534
4800.573451,410.704461,-22.109566,0.000000,2.964718,-0.001090
4804.942218,406.403853,-21.340867,0.000000,2.953498,-0.002431
4809.557392,401.870081,-20.477885,0.000000,2.936637,-0.003485
4814.395383,397.133348,-19.493239,0.000000,2.914652,-0.004363
4819.434067,392.223860,-18.359549,0.000000,2.887858,-0.005134
4824.653217,387.171818,-17.049433,0.000000,2.856435,-0.005839
4830.034934,382.007429,-15.535510,0.000000,2.820482,-0.006502
4835.564086,376.760896,-13.790398,0.000000,2.780053,-0.007137
4841.228763,371.462423,-11.786716,0.000000,2.735186,-0.007746
4847.020743,366.142214,-9.497083,0.000000,2.685945,-0.008325
4852.935979,360.830474,-6.894117,0.000000,2.632439,-0.008860
4858.975060,355.557407,-3.950437,0.000000,2.574861,-0.009334
4865.143646,350.353216,-0.638662,0.000000,2.513509,-0.009724
4871.452835,345.248106,3.068589,0.000000,2.448804,-0.010006
4877.919413,340.272280,7.198699,0.000000,2.381303,-0.010156
4884.565968,335.455945,11.779047,0.000000,2.311687,-0.010156
4891.420811,330.829302,16.837016,0.000000,2.240737,-0.009997
4898.517715,326.422556,22.399987,0.000000,2.169296,-0.009683
4905.895454,322.265913,28.495341,0.000000,2.098219,-0.009229
4913.597181,318.389574,35.150460,0.000000,2.089461,-0.001762
4918.567033,315.925915,39.466687,0.000000,2.127995,0.006049
4924.937279,312.557260,44.873368,0.000000,2.150750,0.002992
4932.543467,308.389184,51.235854,0.000000,2.165785,0.001733
4941.217742,303.527259,58.419498,0.000000,2.176481,0.001117
4950.790828,298.077060,66.289650,0.000000,2.184504,0.000779
4961.092751,292.144159,74.711663,0.000000,2.190768,0.000577
4971.953155,285.834130,83.550889,0.000000,2.195822,0.000449
4983.201457,279.252546,92.672678,0.000000,2.200013,0.000366
4994.666930,272.504980,101.942383,0.000000,2.203577,0.000310
5006.178753,265.697006,111.225355,0.000000,2.206683,0.000273
5017.566041,258.934197,120.386946,0.000000,2.209458,0.000250
5028.657863,252.322127,129.292507,0.000000,2.212008,0.000240
5039.283253,245.966368,137.807391,0.000000,2.214434,0.000243
5049.271223,239.972494,145.796949,0.000000,2.216845,0.000263
5058.450769,234.446079,153.126532,0.000000,2.219386,0.000310
5066.650874,229.492695,159.661493,0.000000,2.222299,0.000413
5073.700518,225.217917,165.267182,0.000000,2.226067,0.000658
5079.428691,221.727316,169.808952,0.000000,2.231948,0.001388
5083.664422,219.126467,173.152155,0.000000,2.244789,0.004992
5086.236921,217.520944,175.162141,0.000000,2.270993,0.015520
5087.925335,216.432983,176.453297,0.000000,2.295067,0.014201
5089.620571,215.309738,177.723000,0.000000,2.326042,0.018216
5091.320999,214.144150,178.961087,0.000000,2.363940,0.022227
5093.026094,212.929163,180.157396,0.000000,2.408747,0.026194
5094.736694,211.657719,181.301766,0.000000,2.460353,0.030029
5096.455244,210.322763,182.384034,0.000000,2.518496,0.033593
5098.186028,208.917235,183.394037,0.000000,2.582700,0.036702
5099.935356,207.434081,184.321615,0.000000,2.652227,0.039141
5101.711679,205.866242,185.156604,0.000000,2.726065,0.040706
5103.525620,204.206661,185.888842,0.000000,2.802947,0.041240
5105.389879,202.448282,186.508168,0.000000,2.881430,0.040683
5107.319034,200.584047,187.004419,0.000000,2.960010,0.039091
5109.329230,198.606899,187.367433,0.000000,3.037251,0.036631
5111.437816,196.509782,187.587048,0.000000,3.111903,0.033550
5113.662940,194.285638,187.653102,0.000000,-3.100200,0.030117
5116.023189,191.927411,187.555433,0.000000,-3.033368,0.026583
5118.537267,189.428042,187.283878,0.000000,-2.971178,0.023149
5121.223748,186.780476,186.828276,0.000000,-2.913775,0.019951
5124.100910,183.977655,186.178463,0.000000,-2.861111,0.017067
5127.186627,181.012521,185.324279,0.000000,-2.810613,0.010738
5131.889158,176.565222,183.796100,0.000000,-2.776717,0.004493
5139.432587,169.518390,181.104357,0.000000,-2.762364,0.001426
5149.497370,160.168706,177.378334,0.000000,-2.754373,0.000652
5161.761214,148.812846,172.747316,0.000000,-2.749228,0.000364
5175.901097,135.747488,167.340588,0.000000,-2.745591,0.000232
5191.593715,121.269311,161.287435,0.000000,-2.742838,0.000163
5208.515639,105.674993,154.717142,0.000000,-2.740636,0.000124
5226.343372,89.261211,147.758994,0.000000,-2.738788,0.000100
5244.753378,72.324643,140.542277,0.000000,-2.737165,0.000087
5263.422100,55.161968,133.196274,0.000000,-2.735672,0.000080
5282.025966,38.069863,125.850271,0.000000,-2.734232,0.000079
5300.241394,21.345007,118.633554,0.000000,-2.732768,0.000084
5317.744802,5.284077,111.675406,0.000000,-2.731191,0.000096
5334.212607,-9.816249,105.105113,0.000000,-2.729375,0.000120
5349.321230,-23.659292,99.051960,0.000000,-2.727118,0.000168
5362.747111,-35.948376,93.645232,0.000000,-2.724032,0.000270
5374.166719,-46.386820,89.014214,0.000000,-2.719239,0.000527
5383.256607,-54.677949,85.288191,0.000000,-2.710163,0.001410
5389.693568,-60.525083,82.596448,0.000000,-2.684418,0.007437
5393.155567,-63.631545,81.068269,0.000000,-2.599459,0.046286
5394.991069,-65.203854,80.121214,0.000000,-2.521991,0.043722
5396.762892,-66.646313,79.092298,0.000000,-2.443059,0.046050
5398.476960,-67.958923,77.989988,0.000000,-2.362801,0.048298
5400.138694,-69.141683,76.822754,0.000000,-2.281319,0.050474
5401.753017,-70.194593,75.599063,0.000000,-2.198668,0.052598
5403.324388,-71.117654,74.327384,0.000000,-2.114849,0.054696
5404.856845,-71.910865,73.016186,0.000000,-2.029807,0.056800
5406.354070,-72.574227,71.673937,0.000000,-1.943433,0.058942
5407.819471,-73.107739,70.309105,0.000000,-1.855573,0.061149
5409.256285,-73.511402,68.930160,0.000000,-1.766035,0.063439
5410.667691,-73.785215,67.545568,0.000000,-1.674610,0.065809
5412.056939,-73.929179,66.163800,0.000000,-1.581095,0.068232
5413.427489,-73.943293,64.793322,0.000000,-1.485321,0.070647
5414.783156,-73.827557,63.442605,0.000000,-1.387189,0.072955
5416.128254,-73.581972,62.120116,0.000000,-1.286707,0.075015
5417.467737,-73.206538,60.834323,0.000000,-1.184029,0.076650
5418.807315,-72.701254,59.593695,0.000000,-1.079482,0.077659
5420.153551,-72.066120,58.406701,0.000000,-0.973585,0.077845
5421.513912,-71.301137,57.281809,0.000000,-0.867041,0.077046
5422.896778,-70.406304,56.227487,0.000000,-0.674449,0.132055
5424.355198,-69.267204,55.316752,0.000000,-0.673915,0.000362
5425.831780,-68.113425,54.395291,0.000000,-0.673444,0.000317
5427.316476,-66.952871,53.469313,0.000000,-0.673026,0.000282
5428.799232,-65.793446,52.545029,0.000000,-0.672653,0.000254
5430.269999,-64.643055,51.628649,0.000000,-0.672317,0.000232
5431.718723,-63.509600,50.726383,0.000000,-0.672013,0.000215
5433.135356,-62.400986,49.844441,0.000000,-0.671737,0.000201
5434.509843,-61.325116,48.989033,0.000000,-0.671485,0.000191
5435.832135,-60.289896,48.166371,0.000000,-0.671254,0.000183
5437.092180,-59.303227,47.382663,0.000000,-0.671042,0.000179
5438.279926,-58.373015,46.644120,0.000000,-0.670846,0.000177
5439.385321,-57.507163,45.956953,0.000000,-0.670665,0.000179
5440.398314,-56.713576,45.327370,0.000000,-0.670496,0.000185
5441.308853,-56.000156,44.761584,0.000000,-0.670340,0.000196
5442.106887,-55.374808,44.265803,0.000000,-0.670194,0.000216
5442.782365,-54.845436,43.846239,0.000000,-0.670058,0.000251
5443.325233,-54.419944,43.509100,0.000000,-0.669931,0.000318
5443.725441,-54.106235,43.260599,0.000000,-0.669813,0.000477
5443.972937,-53.912213,43.106943,0.000000,-0.669712,0.001196
5444.057670,-53.845783,43.054345,0.000000,-0.674408,-0.000980
5448.850927,-50.101882,40.061266,0.000000,-0.674442,-0.000002
5462.584884,-39.374898,31.484939,0.000000,-0.674483,-0.000002
5484.290816,-22.421911,17.929728,0.000000,-0.674529,-0.000002
